temperature,wind-direction,wind-speed,sky-cover,visibility,humidity,average-wind-speed-(period),average-pressure-(period),power-generated
69,28,7.5,0,10,75,8,29.82,0
69,28,7.5,0,10,77,5,29.85,0
69,28,7.5,0,10,70,0,29.89,5418
69,28,7.5,0,10,33,0,29.91,25477
69,28,7.5,0,10,21,3,29.89,30069
69,28,7.5,0,10,20,23,29.85,16280
69,28,7.5,0,10,36,15,29.83,515
69,28,7.5,0,10,49,6,29.86,0
72,29,6.8,0,10,67,6,29.86,0
72,29,6.8,0,10,49,0,29.87,0
72,29,6.8,0,10,54,0,29.9,4939
72,29,6.8,0,10,64,0,29.92,24335
72,29,6.8,0,10,23,9,29.88,29025
72,29,6.8,0,10,30,18,29.84,15408
72,29,6.8,0,10,65,11,29.84,491
72,29,6.8,0,10,75,5,29.85,0
73,29,7.9,0,10,72,6,29.84,0
73,29,7.9,0,10,78,6,29.86,0
73,29,7.9,0,10,63,0,29.88,4854
73,29,7.9,0,10,69,3,29.88,23855
73,29,7.9,0,10,33,10,29.84,28339
73,29,7.9,0,10,27,20,29.81,15308
73,29,7.9,0,10,53,14,29.81,455
73,29,7.9,0,10,70,6,29.85,0
76,30,6.9,0,10,73,0,29.83,0
76,30,6.9,0,10,78,6,29.82,0
76,30,6.9,0,10,70,0,29.84,4750
76,30,6.9,0,10,64,3,29.85,23555
76,30,6.9,0,10,62,6,29.79,27741
76,30,6.9,0,10,30,15,29.75,14917
76,30,6.9,0,10,27,17,29.74,429
76,30,6.9,0,10,33,5,29.77,0
77,29,8.5,0,10,53,3,29.77,0
77,29,8.5,0,10,70,7,29.76,0
77,29,8.5,0,10,61,0,29.8,4804
77,29,8.5,0,10,64,3,29.82,23551
77,29,8.5,0,10,49,5,29.78,27963
77,29,8.5,0,10,19,22,29.75,14980
77,29,8.5,0,10,51,15,29.76,423
77,29,8.5,0,10,37,8,29.79,0
75,30,8.6,1,10,57,6,29.78,0
75,30,8.6,1,10,73,3,29.78,0
75,30,8.6,1,10,52,3,29.81,4562
75,30,8.6,1,10,66,3,29.82,22761
75,30,8.6,0,10,29,16,29.79,28193
75,30,8.6,0,10,39,18,29.75,14835
75,30,8.6,0,10,57,14,29.74,375
75,30,8.6,0,10,65,8,29.76,0
62,29,14.9,1,10,81,8,29.76,0
62,29,14.9,1,10,87,7,29.74,0
62,29,14.9,1,10,84,8,29.76,2963
62,29,14.9,1,10,68,14,29.77,24553
62,29,14.9,1,10,61,22,29.73,29986
62,29,14.9,1,10,70,25,29.71,15403
62,29,14.9,1,10,87,22,29.73,379
62,29,14.9,1,10,90,13,29.75,0
64,31,5.8,3,10,90,7,29.76,0
64,31,5.8,4,10,87,5,29.75,0
64,31,5.8,4,9,87,0,29.77,249
64,31,5.8,1,9,73,5,29.78,9910
64,31,5.8,1,10,59,10,29.75,28515
64,31,5.8,1,10,61,14,29.7,17490
64,31,5.8,1,10,73,6,29.72,773
64,31,5.8,1,10,87,6,29.75,0
63,21,10.5,3,10,84,7,29.76,0
63,21,10.5,3,10,78,7,29.75,0
63,21,10.5,4,10,81,8,29.78,65
63,21,10.5,4,10,73,5,29.8,5219
63,21,10.5,1,10,63,15,29.76,10789
63,21,10.5,1,10,68,20,29.74,5208
63,21,10.5,1,10,78,7,29.74,60
63,21,10.5,3,10,81,13,29.76,0
64,28,9.7,3,10,81,7,29.76,0
64,28,9.7,4,10,81,7,29.77,0
64,28,9.7,4,10,78,7,29.8,1346
64,28,9.7,3,10,68,3,29.84,18380
64,28,9.7,1,10,59,16,29.81,28891
64,28,9.7,1,10,63,18,29.8,14687
64,28,9.7,1,10,81,15,29.82,345
64,28,9.7,1,10,84,8,29.85,0
61,29,11.4,2,10,87,10,29.85,0
61,29,11.4,4,10,87,3,29.85,0
61,29,11.4,4,8,84,3,29.87,292
61,29,11.4,2,10,73,3,29.87,10767
61,29,11.4,1,10,68,21,29.84,27641
61,29,11.4,1,10,75,23,29.81,13835
61,29,11.4,1,10,87,18,29.83,145
61,29,11.4,1,10,87,10,29.86,0
60,28,11.7,3,10,90,13,29.87,0
60,28,11.7,3,10,83,8,29.87,0
60,28,11.7,4,10,86,5,29.9,229
60,28,11.7,4,9,81,7,29.93,4349
60,28,11.7,1,10,68,16,29.88,19126
60,28,11.7,1,10,73,21,29.85,14692
60,28,11.7,3,10,80,13,29.88,436
60,28,11.7,3,10,86,9,29.9,0
61,29,9,3,10,80,8,29.9,0
61,29,9,4,10,80,6,29.87,0
61,29,9,4,10,83,5,29.9,408
61,29,9,4,10,72,3,29.93,11376
61,29,9,2,10,61,16,29.89,28611
61,29,9,2,10,65,17,29.86,14587
61,29,9,1,10,81,14,29.89,239
61,29,9,1,10,83,7,29.93,0
62,29,10.1,4,10,83,5,29.94,0
62,29,10.1,4,10,87,3,29.94,0
62,29,10.1,4,10,84,5,29.97,250
62,29,10.1,3,9,73,7,30,15149
62,29,10.1,1,10,63,15,29.96,28581
62,29,10.1,1,10,68,21,29.94,13787
62,29,10.1,1,10,78,18,29.97,218
62,29,10.1,1,10,83,13,29.99,0
60,28,12.6,3,10,86,9,29.99,0
60,28,12.6,4,10,87,7,29.97,0
60,28,12.6,4,7,90,7,30.01,413
60,28,12.6,3,7,78,5,30.01,17412
60,28,12.6,1,10,63,16,29.95,28239
60,28,12.6,1,10,70,22,29.92,13397
60,28,12.6,1,10,83,18,29.94,193
60,28,12.6,1,10,90,13,29.96,0
59,28,12.7,2,10,90,11,29.97,0
59,28,12.7,3,10,83,9,29.96,0
59,28,12.7,4,9,83,9,29.97,685
59,28,12.7,3,10,72,7,29.98,16170
59,28,12.7,1,10,63,21,29.94,28148
59,28,12.7,2,10,67,20,29.92,13455
59,28,12.7,1,10,80,14,29.95,198
59,28,12.7,2,10,78,11,29.99,0
62,24,9.6,4,10,75,10,30,0
62,24,9.6,4,10,72,7,29.99,0
62,24,9.6,4,10,70,3,30.03,332
62,24,9.6,4,10,63,10,30.07,5866
62,24,9.6,2,10,52,10,30.04,22094
62,24,9.6,0,10,54,17,30.01,13893
62,24,9.6,0,10,70,9,30,154
62,24,9.6,0,10,72,6,30.01,0
60,26,7.9,1,10,78,6,30.01,0
60,26,7.9,1,10,86,0,29.99,0
60,26,7.9,1,10,83,0,30.02,4342
60,26,7.9,1,10,56,10,30.05,24175
60,26,7.9,0,10,49,15,30.02,29378
60,26,7.9,0,10,51,15,29.98,13686
60,26,7.9,1,10,65,8,29.96,112
60,26,7.9,0,10,67,6,29.98,0
63,21,7.3,1,10,78,3,29.99,0
63,21,7.3,1,10,80,5,29.98,0
63,21,7.3,1,10,80,3,29.99,4232
63,21,7.3,1,10,63,9,30,22783
63,21,7.3,3,10,61,9,29.98,24479
63,21,7.3,4,10,63,10,29.97,1628
63,21,7.3,4,10,81,11,29.98,0
63,21,7.3,3,10,81,6,29.99,0
65,28,10.3,4,10,87,8,30.01,0
65,28,10.3,4,10,90,8,30.01,0
65,28,10.3,4,10,84,6,30.03,650
65,28,10.3,4,10,70,9,30.05,9141
65,28,10.3,2,10,63,11,30.03,25527
65,28,10.3,3,10,75,15,30.01,12847
65,28,10.3,4,10,87,14,30,122
65,28,10.3,3,10,87,15,30,0
63,27,14.4,3,10,87,8,29.97,0
63,27,14.4,3,10,81,13,29.96,0
63,27,14.4,4,10,84,8,29.98,997
63,27,14.4,2,10,70,10,29.99,12786
63,27,14.4,2,10,65,20,29.97,28277
63,27,14.4,2,10,70,24,29.96,12816
63,27,14.4,1,10,78,16,29.94,81
63,27,14.4,1,10,84,11,29.96,0
66,29,7.3,1,10,87,0,29.96,0
66,29,7.3,0,10,86,3,29.95,0
66,29,7.3,1,10,81,0,30,4026
66,29,7.3,1,10,70,5,30.02,23081
66,29,7.3,1,10,34,16,29.99,27284
66,29,7.3,0,10,48,17,29.96,12287
66,29,7.3,1,10,70,16,29.95,79
66,29,7.3,0,10,78,8,29.97,0
69,29,8.7,0,10,81,6,29.97,0
69,29,8.7,0,10,75,3,29.96,0
69,29,8.7,1,9,84,3,29.98,3974
69,29,8.7,0,9,73,5,29.99,23119
69,29,8.7,0,10,66,6,29.94,26858
69,29,8.7,0,10,37,21,29.9,12109
69,29,8.7,0,10,56,18,29.91,65
69,29,8.7,0,10,75,11,29.94,0
66,29,10.1,0,10,84,3,29.94,0
66,29,10.1,0,10,90,5,29.92,0
66,29,10.1,1,9,90,5,29.94,3749
66,29,10.1,1,10,66,3,29.95,22695
66,29,10.1,1,10,51,13,29.92,27114
66,29,10.1,1,10,49,16,29.89,12017
66,29,10.1,1,10,56,16,29.89,59
66,29,10.1,0,10,62,11,29.92,0
67,29,9.3,0,10,67,3,29.91,0
67,29,9.3,0,10,80,6,29.9,0
67,29,9.3,2,10,70,0,29.93,3894
67,29,9.3,2,10,63,7,29.95,23066
67,29,9.3,2,10,47,15,29.91,27072
67,29,9.3,2,10,57,21,29.88,11864
67,29,9.3,1,10,70,11,29.89,51
67,29,9.3,0,10,81,8,29.91,0
66,29,10.7,0,10,81,6,29.91,0
66,29,10.7,0,9,87,7,29.9,0
66,29,10.7,2,9,84,6,29.93,3661
66,29,10.7,1,10,68,6,29.95,22534
66,29,10.7,1,10,50,13,29.91,26744
66,29,10.7,1,10,68,18,29.9,11627
66,29,10.7,1,10,90,15,29.92,43
66,29,10.7,1,10,90,10,29.94,0
66,29,9.1,1,10,90,10,29.95,0
66,29,9.1,1,10,93,3,29.93,0
66,29,9.1,1,10,93,6,29.95,3615
66,29,9.1,0,10,73,3,29.95,22037
66,29,9.1,1,10,56,6,29.9,26026
66,29,9.1,1,10,59,20,29.85,1728
66,29,9.1,0,10,73,15,29.89,0
66,29,9.1,1,10,81,5,29.92,0
61,30,12.3,1,10,90,13,29.92,0
61,30,12.3,1,10,93,8,29.91,0
61,30,12.3,1,10,93,8,29.94,2406
61,30,12.3,1,10,65,9,29.94,22113
61,30,12.3,1,10,63,20,29.9,26823
61,30,12.3,1,10,70,21,29.89,10798
61,30,12.3,1,10,87,11,29.93,0
61,30,12.3,2,10,90,11,29.96,0
62,28,8.4,4,10,90,8,29.97,0
62,28,8.4,4,10,87,6,29.96,0
62,28,8.4,4,10,87,6,29.96,373
62,28,8.4,3,10,75,5,29.98,13921
62,28,8.4,2,10,63,15,29.94,26393
62,28,8.4,2,10,68,15,29.95,11093
62,28,8.4,2,10,75,11,29.96,47
62,28,8.4,0,10,81,8,29.97,0
65,29,6.9,0,10,81,5,29.98,0
65,29,6.9,1,10,87,5,29.99,0
65,29,6.9,2,10,83,0,30.04,3110
65,29,6.9,2,10,70,3,30.05,21023
65,29,6.9,2,10,50,9,30.01,25702
65,29,6.9,2,10,53,18,29.97,10972
65,29,6.9,1,10,68,15,29.99,0
65,29,6.9,1,10,67,0,30.01,0
66,29,7.8,1,10,67,0,30,0
66,29,7.8,1,10,78,5,29.99,0
66,29,7.8,2,10,75,0,29.98,3715
66,29,7.8,3,10,71,3,29.98,18312
66,29,7.8,3,10,50,22,29.95,19583
66,29,7.8,3,10,59,16,29.92,6135
66,29,7.8,3,10,81,8,29.96,178
66,29,7.8,3,10,84,9,29.95,0
67,27,9.5,3,10,84,10,29.94,0
67,27,9.5,4,10,87,6,29.92,0
67,27,9.5,4,10,81,0,29.96,53
67,27,9.5,3,10,73,6,29.98,7496
67,27,9.5,3,10,62,17,29.97,19260
67,27,9.5,3,10,76,9,29.92,4961
67,27,9.5,3,10,87,13,29.91,0
67,27,9.5,2,10,90,16,29.92,0
65,19,8.5,4,10,90,7,29.91,0
65,19,8.5,3,10,87,8,29.86,0
65,19,8.5,3,10,84,5,29.87,1093
65,19,8.5,3,10,73,3,29.87,11844
65,19,8.5,3,10,63,0,29.83,11357
65,19,8.5,4,10,65,9,29.77,3375
65,19,8.5,4,10,70,14,29.76,0
65,19,8.5,4,3,90,13,29.75,0
64,26,14.4,4,9,93,15,29.73,0
64,26,14.4,4,7,90,17,29.75,0
64,26,14.4,4,8,90,8,29.79,1653
64,26,14.4,3,10,81,13,29.84,5957
64,26,14.4,2,10,66,16,29.86,21177
64,26,14.4,2,10,70,15,29.88,9729
64,26,14.4,1,10,81,14,29.91,0
64,26,14.4,2,10,84,18,29.95,0
65,28,11.1,1,10,81,15,29.96,0
65,28,11.1,1,10,84,10,29.96,0
65,28,11.1,2,10,81,8,29.99,2198
65,28,11.1,3,10,57,7,30.01,20493
65,28,11.1,3,10,55,15,30,18931
65,28,11.1,3,10,61,11,29.99,11566
65,28,11.1,1,10,81,15,30.01,0
65,28,11.1,2,10,87,14,30.03,0
66,28,10.5,4,10,93,7,30.04,0
66,28,10.5,4,10,90,0,30.05,0
66,28,10.5,4,9,84,5,30.07,532
66,28,10.5,1,9,73,5,30.1,22044
66,28,10.5,0,10,59,3,30.05,27732
66,28,10.5,1,10,70,22,30.05,11398
66,28,10.5,1,10,93,22,30.07,0
66,28,10.5,3,10,93,21,30.1,0
65,28,10.2,2,10,93,14,30.12,0
65,28,10.2,1,10,96,7,30.12,0
65,28,10.2,3,10,96,0,30.16,0
65,28,10.2,2,7,81,3,30.17,15458
65,28,10.2,0,9,71,3,30.11,27357
65,28,10.2,0,10,55,22,30.07,10975
65,28,10.2,0,10,73,16,30.06,0
65,28,10.2,0,10,81,11,30.05,0
66,27,12.6,0,10,84,7,30.03,0
66,27,12.6,1,10,83,0,30.01,0
66,27,12.6,0,9,90,3,30.02,3816
66,27,12.6,0,9,76,3,30.01,23843
66,27,12.6,0,10,55,24,29.95,27645
66,27,12.6,1,10,61,25,29.92,11063
66,27,12.6,0,10,72,9,29.9,0
66,27,12.6,0,10,78,23,29.91,0
62,27,14.6,0,10,83,15,29.91,0
62,27,14.6,0,10,80,13,29.92,0
62,27,14.6,1,10,75,9,29.96,3837
62,27,14.6,0,10,47,5,30,24973
62,27,14.6,0,10,36,16,29.97,28183
62,27,14.6,0,10,50,26,29.94,10894
62,27,14.6,0,10,67,20,29.95,0
62,27,14.6,0,10,67,11,29.97,0
57,29,17.6,0,10,69,16,29.98,0
57,29,17.6,0,10,69,11,29.98,0
57,29,17.6,1,10,59,13,29.99,3755
57,29,17.6,1,10,42,17,30,25334
57,29,17.6,1,10,46,26,29.94,29016
57,29,17.6,2,10,46,29,29.91,10179
57,29,17.6,0,10,64,18,29.92,0
57,29,17.6,0,10,46,13,29.93,0
61,31,14.6,0,10,32,14,29.92,0
61,31,14.6,0,10,36,14,29.93,0
61,31,14.6,0,10,34,10,29.97,0
61,31,14.6,0,10,34,20,29.98,0
61,31,14.6,1,10,28,20,29.96,0
61,31,14.6,0,10,35,21,29.95,0
61,31,14.6,0,10,42,10,30,0
61,31,14.6,0,10,25,9,30.04,0
63,32,13.4,0,10,39,15,30.09,0
63,32,13.4,0,10,41,13,30.1,0
63,32,13.4,0,10,34,9,30.15,0
63,32,13.4,0,10,29,20,30.17,0
63,32,13.4,0,10,25,14,30.15,0
63,32,13.4,0,10,29,17,30.13,10727
63,32,13.4,0,10,46,11,30.16,0
63,32,13.4,1,10,27,7,30.19,0
64,28,6.4,1,10,21,0,30.21,0
64,28,6.4,0,10,49,5,30.22,0
64,28,6.4,0,10,49,0,30.26,3687
64,28,6.4,0,10,21,0,30.27,23961
64,28,6.4,0,10,14,5,30.22,27438
64,28,6.4,0,10,18,18,30.19,10116
64,28,6.4,0,10,26,13,30.2,0
64,28,6.4,0,10,62,7,30.2,0
65,29,4.9,0,10,75,0,30.18,0
65,29,4.9,0,10,61,3,30.16,0
65,29,4.9,0,10,75,0,30.18,3473
65,29,4.9,0,10,63,5,30.18,22832
65,29,4.9,0,10,36,0,30.1,26285
65,29,4.9,1,10,31,14,30.05,9756
65,29,4.9,0,10,40,14,30.03,0
65,29,4.9,0,10,72,9,30.04,0
68,29,6.4,0,10,75,7,30.04,0
68,29,6.4,0,10,66,3,30.04,0
68,29,6.4,0,10,80,3,30.06,3359
68,29,6.4,0,10,65,6,30.08,7478
68,29,6.4,1,10,40,0,30.03,21210
68,29,6.4,1,10,34,18,30,9209
68,29,6.4,1,10,58,11,30.01,0
68,29,6.4,0,10,70,7,30.03,0
69,29,4.1,0,10,67,3,30.03,0
69,29,4.1,0,10,64,3,30.03,0
69,29,4.1,1,10,72,0,30.06,3225
69,29,4.1,0,10,70,3,30.08,21798
69,29,4.1,0,10,54,0,30.03,15159
69,29,4.1,0,10,24,15,30,9169
69,29,4.1,0,10,28,14,30.01,0
69,29,4.1,0,10,42,0,30.03,0
70,31,4.4,0,10,52,0,30.03,0
70,31,4.4,1,10,69,0,30.03,0
70,31,4.4,2,10,81,0,30.05,2718
70,31,4.4,3,10,66,3,30.06,20460
70,31,4.4,1,10,61,5,30,24427
70,31,4.4,1,10,24,11,29.96,8399
70,31,4.4,0,10,35,9,29.97,0
70,31,4.4,0,10,48,3,29.99,0
59,29,10.3,1,10,62,10,29.99,0
59,29,10.3,2,10,75,5,30,0
59,29,10.3,2,10,90,10,30.02,542
59,29,10.3,2,10,68,6,30.07,13884
59,29,10.3,2,10,59,13,30.02,25929
59,29,10.3,2,10,70,17,30.01,9282
59,29,10.3,2,10,83,11,30.03,0
59,29,10.3,2,10,83,8,30.06,0
56,27,11.5,3,10,83,0,30.05,0
56,27,11.5,4,10,83,7,30.05,0
56,27,11.5,4,10,83,3,30.08,385
56,27,11.5,2,10,72,8,30.1,17121
56,27,11.5,2,10,72,21,30.05,25347
56,27,11.5,3,10,83,18,30.05,7136
56,27,11.5,4,10,86,15,30.08,0
56,27,11.5,4,10,83,10,30.1,0
58,27,13.3,3,10,83,14,30.12,0
58,27,13.3,4,10,80,14,30.13,0
58,27,13.3,3,10,80,9,30.17,1142
58,27,13.3,1,10,67,11,30.2,21070
58,27,13.3,2,10,58,16,30.17,25392
58,27,13.3,2,10,70,17,30.16,8283
58,27,13.3,2,10,80,15,30.17,0
58,27,13.3,1,10,90,8,30.18,0
64,28,4,0,10,86,3,30.17,0
64,28,4,0,10,86,3,30.17,0
64,28,4,3,10,86,0,30.19,2581
64,28,4,1,10,75,0,30.2,21774
64,28,4,1,10,46,3,30.13,25064
64,28,4,1,10,46,14,30.08,8524
64,28,4,0,10,45,13,30.07,0
64,28,4,0,10,65,3,30.08,0
68,14,2.7,0,10,62,0,30.08,0
68,14,2.7,0,10,67,0,30.07,0
68,14,2.7,0,10,34,8,30.08,2921
68,14,2.7,0,10,21,7,30.09,21804
68,14,2.7,0,10,17,0,30.04,25219
68,14,2.7,0,10,21,0,30.02,8453
68,14,2.7,0,10,28,0,30.03,0
68,14,2.7,0,10,57,0,30.05,0
69,31,4.3,0,10,58,0,30.05,0
69,31,4.3,0,10,62,0,30.02,0
69,31,4.3,0,10,65,5,30.04,2603
69,31,4.3,0,10,63,5,30.06,20869
69,31,4.3,0,10,64,3,30,24209
69,31,4.3,0,10,26,11,29.97,5542
69,31,4.3,0,10,25,11,29.98,0
69,31,4.3,0,10,43,0,30,0
68,29,4.9,0,10,67,5,30.01,0
68,29,4.9,0,10,51,0,30,0
68,29,4.9,2,10,75,3,30.02,2461
68,29,4.9,1,10,70,5,30.05,10461
68,29,4.9,1,10,53,3,30,0
68,29,4.9,1,10,33,7,29.96,7934
68,29,4.9,0,10,43,13,29.99,0
68,29,4.9,0,10,58,0,30.02,0
68,29,4.6,0,10,56,3,30.03,0
68,29,4.6,0,10,62,0,30.02,0
68,29,4.6,0,8,80,0,30.05,2497
68,29,4.6,0,10,68,7,30.06,20597
68,29,4.6,0,10,61,3,30.01,23672
68,29,4.6,0,10,28,6,29.98,7775
68,29,4.6,0,10,49,6,29.99,0
68,29,4.6,0,10,52,7,30.02,0
60,29,11.3,0,9,83,11,30.04,0
60,29,11.3,1,8,93,9,30.05,0
60,29,11.3,1,9,96,6,30.08,1384
60,29,11.3,1,10,70,0,30.1,20680
60,29,11.3,1,10,59,14,30.05,24472
60,29,11.3,1,9,78,15,30.03,7800
60,29,11.3,1,6,93,17,30.08,0
60,29,11.3,1,8,93,15,30.13,0
55,29,9,1,9,93,8,30.16,0
55,29,9,3,7,93,0,30.15,0
55,29,9,4,4,90,6,30.19,221
55,29,9,4,3,87,3,30.2,13923
55,29,9,3,7,78,17,30.17,15242
55,29,9,3,10,78,15,30.14,3727
55,29,9,3,10,93,15,30.16,0
55,29,9,2,10,90,14,30.18,0
58,29,10.4,2,10,96,14,30.18,0
58,29,10.4,1,10,100,9,30.19,0
58,29,10.4,3,10,96,5,30.22,113
58,29,10.4,4,2,93,0,30.22,15058
58,29,10.4,1,10,72,20,30.17,23748
58,29,10.4,1,10,65,15,30.14,7480
58,29,10.4,1,10,90,17,30.14,0
58,29,10.4,1,10,93,10,30.14,0
56,30,8.3,1,10,96,8,30.1,0
56,30,8.3,1,10,100,7,30.06,0
56,30,8.3,1,7,100,9,30.08,186
56,30,8.3,3,7,83,3,30.07,15471
56,30,8.3,3,8,78,5,29.99,22378
56,30,8.3,2,10,70,9,29.94,7629
56,30,8.3,2,10,90,11,29.94,0
56,30,8.3,2,10,93,9,29.96,0
59,16,8.6,3,10,83,3,29.93,0
59,16,8.6,3,10,90,5,29.87,0
59,16,8.6,3,7,86,0,29.85,0
59,16,8.6,4,7,84,0,29.9,0
59,16,8.6,4,9,68,17,29.87,0
59,16,8.6,4,7,84,8,29.88,0
59,16,8.6,4,10,75,0,29.94,0
59,16,8.6,3,10,70,23,29.93,0
65,15,13,3,10,63,13,30,0
65,15,13,4,10,84,15,30.03,0
65,15,13,4,6,90,6,30.09,0
65,15,13,4,9,87,6,30.13,1283
65,15,13,3,10,61,18,30.1,8637
65,15,13,4,10,57,15,30.08,1209
65,15,13,3,10,59,21,30.08,0
65,15,13,3,10,78,11,30.06,0
63,16,12.8,3,10,75,9,30.03,0
63,16,12.8,4,10,84,7,29.99,0
63,16,12.8,4,4,90,14,29.97,168
63,16,12.8,4,3,87,15,29.99,1054
63,16,12.8,4,4,90,15,29.93,1200
63,16,12.8,4,3,87,15,29.88,683
63,16,12.8,4,9,87,14,29.9,0
63,16,12.8,4,10,93,9,29.93,0
62,23,8.1,4,10,90,9,29.93,0
62,23,8.1,3,10,90,5,29.96,0
62,23,8.1,2,10,90,9,30.02,357
62,23,8.1,3,10,78,0,30.07,10258
62,23,8.1,3,10,68,14,30.07,17127
62,23,8.1,2,10,73,13,30.06,8167
62,23,8.1,3,10,87,3,30.06,0
62,23,8.1,2,10,83,5,30.07,0
58,20,10.6,2,10,86,0,30.06,0
58,20,10.6,3,10,90,3,30.02,0
58,20,10.6,3,10,83,5,29.99,9
58,20,10.6,3,10,78,7,29.96,7259
58,20,10.6,3,10,72,20,29.86,6669
58,20,10.6,4,3,90,21,29.75,95
58,20,10.6,3,10,87,13,29.85,0
58,20,10.6,2,10,86,11,29.94,0
55,29,13.3,3,10,80,9,29.98,0
55,29,13.3,3,10,83,5,30.01,0
55,29,13.3,2,10,80,11,30.06,1661
55,29,13.3,3,10,69,13,30.13,16038
55,29,13.3,3,10,55,18,30.12,21373
55,29,13.3,3,10,64,22,30.13,5500
55,29,13.3,1,10,72,16,30.17,0
55,29,13.3,1,10,74,11,30.19,0
53,30,3.8,0,10,74,6,30.22,0
53,30,3.8,0,10,83,0,30.22,0
53,30,3.8,2,10,89,3,30.23,1721
53,30,3.8,3,10,67,3,30.27,16251
53,30,3.8,3,10,56,5,30.25,17465
53,30,3.8,4,10,52,8,30.25,4638
53,30,3.8,4,10,58,7,30.25,0
53,30,3.8,4,10,62,0,30.27,0
60,30,4.6,3,10,62,3,30.28,0
60,30,4.6,2,10,72,0,30.29,0
60,30,4.6,1,10,80,5,30.33,1365
60,30,4.6,0,10,62,8,30.35,19412
60,30,4.6,1,10,54,0,30.3,24013
60,30,4.6,0,10,63,14,30.26,7449
60,30,4.6,0,10,78,7,30.26,0
60,30,4.6,0,10,93,5,30.26,0
62,30,5.2,0,10,86,0,30.24,0
62,30,5.2,0,10,90,0,30.24,0
62,30,5.2,1,9,96,0,30.22,1309
62,30,5.2,0,9,84,3,30.22,19306
62,30,5.2,0,10,75,0,30.16,24011
62,30,5.2,1,10,55,11,30.11,7336
62,30,5.2,1,10,87,15,30.12,0
62,30,5.2,0,10,87,7,30.11,0
58,27,10.2,1,10,90,10,30.11,0
58,27,10.2,1,10,90,9,30.08,0
58,27,10.2,3,10,93,0,30.06,115
58,27,10.2,4,10,81,7,30.06,5851
58,27,10.2,4,10,84,9,29.98,3697
58,27,10.2,4,6,93,10,29.93,696
58,27,10.2,4,5,93,16,29.91,0
58,27,10.2,3,10,86,15,29.88,0
57,28,19.3,3,10,83,23,29.87,0
57,28,19.3,3,10,83,24,29.85,0
57,28,19.3,2,10,83,21,29.86,1209
57,28,19.3,2,10,75,14,29.88,19618
57,28,19.3,2,10,70,20,29.87,24686
57,28,19.3,3,10,78,15,29.87,4927
57,28,19.3,2,10,83,15,29.91,0
57,28,19.3,2,10,83,25,29.96,0
55,28,8.5,1,10,86,11,29.98,0
55,28,8.5,1,10,90,5,30.02,0
55,28,8.5,3,10,90,9,30.07,381
55,28,8.5,3,10,72,9,30.09,14852
55,28,8.5,3,10,65,14,30.06,24073
55,28,8.5,3,10,70,9,30.07,4945
55,28,8.5,3,10,78,9,30.09,0
55,28,8.5,3,10,83,9,30.13,0
57,28,10.2,3,10,90,9,30.16,0
57,28,10.2,4,10,96,7,30.17,0
57,28,10.2,3,10,86,7,30.21,207
57,28,10.2,3,10,75,10,30.27,8425
57,28,10.2,3,10,72,10,30.24,9466
57,28,10.2,3,10,72,15,30.24,3303
57,28,10.2,3,10,72,11,30.27,0
57,28,10.2,3,10,80,10,30.27,0
60,28,5.9,4,8,93,6,30.28,0
60,28,5.9,4,10,96,8,30.27,0
60,28,5.9,4,9,87,0,30.3,162
60,28,5.9,4,9,87,5,30.32,4780
60,28,5.9,3,9,84,3,30.26,12683
60,28,5.9,3,9,87,16,30.21,6774
60,28,5.9,3,10,93,8,30.21,0
60,28,5.9,2,10,93,0,30.23,0
60,28,6,1,10,93,0,30.23,0
60,28,6,2,10,96,0,30.22,0
60,28,6,1,10,96,0,30.22,915
60,28,6,1,9,93,5,30.23,17909
60,28,6,1,10,63,9,30.16,22652
60,28,6,1,10,75,20,30.11,6592
60,28,6,0,10,78,10,30.1,0
60,28,6,0,10,87,8,30.1,0
66,10,6.5,0,10,90,3,30.1,0
66,10,6.5,0,10,93,0,30.08,0
66,10,6.5,0,10,86,0,30.12,934
66,10,6.5,0,10,52,7,30.14,17598
66,10,6.5,0,10,40,6,30.07,22910
66,10,6.5,1,10,27,7,30.04,6731
66,10,6.5,0,10,38,9,30.06,0
66,10,6.5,1,10,47,9,30.08,0
69,14,5,1,10,45,11,30.1,0
69,14,5,1,10,54,8,30.1,0
69,14,5,1,10,54,8,30.12,746
69,14,5,0,10,30,7,30.14,17752
69,14,5,0,10,39,3,30.08,22523
69,14,5,1,10,27,0,30.05,6614
69,14,5,1,10,38,0,30.07,0
69,14,5,0,10,48,3,30.07,0
63,5,2,0,10,75,0,30.08,0
63,5,2,1,10,90,0,30.06,0
63,5,2,0,10,90,0,30.09,595
63,5,2,0,8,78,3,30.11,16232
63,5,2,1,8,73,8,30.06,21472
63,5,2,1,6,50,0,30.04,5578
63,5,2,1,10,68,3,30.06,0
63,5,2,2,9,75,0,30.09,0
64,9,1.2,1,8,83,0,30.1,0
64,9,1.2,0,7,87,0,30.11,0
64,9,1.2,1,6,90,3,30.13,585
64,9,1.2,1,6,78,3,30.15,16124
64,9,1.2,1,7,70,3,30.11,21511
64,9,1.2,2,10,49,0,30.08,5527
64,9,1.2,1,10,70,0,30.09,0
64,9,1.2,1,10,78,0,30.11,0
57,29,9.3,1,10,81,0,30.11,0
57,29,9.3,0,10,86,6,30.12,0
57,29,9.3,1,10,93,7,30.14,512
57,29,9.3,0,9,81,0,30.17,15771
57,29,9.3,1,9,75,18,30.12,21856
57,29,9.3,1,9,83,16,30.09,4702
57,29,9.3,1,6,96,13,30.1,0
57,29,9.3,1,7,93,11,30.12,0
54,27,5.7,2,7,93,6,30.13,0
54,27,5.7,4,8,86,5,30.14,0
54,27,5.7,4,6,86,7,30.14,0
54,27,5.7,4,8,86,5,30.16,3113
54,27,5.7,4,9,83,9,30.14,7669
54,27,5.7,3,10,80,9,30.11,5693
54,27,5.7,3,10,90,10,30.14,0
54,27,5.7,4,10,86,8,30.16,0
57,27,6.6,4,10,90,7,30.15,0
57,27,6.6,3,10,90,3,30.16,0
57,27,6.6,4,9,90,5,30.21,53
57,27,6.6,4,8,87,5,30.25,4089
57,27,6.6,3,10,78,11,30.22,14702
57,27,6.6,2,10,72,14,30.2,4839
57,27,6.6,0,10,78,10,30.21,0
57,27,6.6,0,10,69,3,30.21,0
55,28,6.6,0,10,83,3,30.2,0
55,28,6.6,0,10,83,0,30.16,0
55,28,6.6,1,10,80,3,30.16,523
55,28,6.6,1,10,60,5,30.15,16265
55,28,6.6,1,10,37,0,30.11,22287
55,28,6.6,1,10,60,11,30.08,6352
55,28,6.6,0,10,83,22,30.1,0
55,28,6.6,0,10,83,8,30.11,0
54,28,6,2,10,77,0,30.09,0
54,28,6,0,10,83,5,30.08,0
54,28,6,2,10,83,0,30.12,534
54,28,6,2,10,72,3,30.15,15976
54,28,6,2,10,70,3,30.1,21808
54,28,6,3,10,67,14,30.07,6518
54,28,6,4,9,96,20,30.08,0
54,28,6,1,8,100,0,30.09,0
56,17,4,0,10,93,5,30.07,0
56,17,4,0,9,89,6,30.04,0
56,17,4,1,9,96,5,30.04,377
56,17,4,1,8,72,7,30.06,15727
56,17,4,1,10,56,0,30.01,21630
56,17,4,1,10,50,0,29.99,5778
56,17,4,1,10,78,0,30.01,0
56,17,4,0,10,77,0,30.05,0
54,15,2.7,1,10,86,0,30.05,0
54,15,2.7,0,9,89,5,30.05,0
54,15,2.7,2,5,89,3,30.06,0
54,15,2.7,3,3,83,6,30.07,11153
54,15,2.7,3,4,80,5,30.03,13434
54,15,2.7,3,7,62,3,30,1789
54,15,2.7,3,10,67,0,30.01,0
54,15,2.7,3,10,78,0,30,0
55,36,3.3,3,9,77,0,30.01,0
55,36,3.3,3,10,83,0,30.03,0
55,36,3.3,3,8,83,0,30.04,80
55,36,3.3,4,7,87,7,30.05,618
55,36,3.3,4,7,75,0,30.01,2606
55,36,3.3,4,6,81,6,29.98,915
55,36,3.3,3,10,75,0,29.96,0
55,36,3.3,3,10,83,7,29.96,0
55,34,2.1,3,10,80,3,29.94,0
55,34,2.1,3,10,83,6,29.89,0
55,34,2.1,4,9,83,0,29.85,69
55,34,2.1,4,9,78,0,29.88,1340
55,34,2.1,4,4,90,0,29.88,2726
55,34,2.1,4,6,86,0,29.89,68
55,34,2.1,3,9,90,0,29.92,0
55,34,2.1,4,8,90,0,29.95,0
56,29,7.2,3,9,93,0,29.98,0
56,29,7.2,4,9,93,9,30,0
56,29,7.2,4,8,90,6,30.05,0
56,29,7.2,2,8,87,7,30.1,13893
56,29,7.2,4,9,80,11,30.09,11407
56,29,7.2,3,10,78,11,30.11,633
56,29,7.2,4,10,80,10,30.15,0
56,29,7.2,4,10,83,8,30.2,0
53,24,3.9,4,10,86,5,30.22,0
53,24,3.9,4,10,83,3,30.22,0
53,24,3.9,4,10,86,3,30.25,11
53,24,3.9,4,10,83,3,30.3,1353
53,24,3.9,4,10,83,5,30.24,10939
53,24,3.9,4,7,78,3,30.2,4273
53,24,3.9,2,10,90,8,30.22,0
53,24,3.9,2,8,96,0,30.22,0
57,12,2.8,2,8,93,0,30.19,0
57,12,2.8,4,4,96,5,30.17,0
57,12,2.8,2,4,96,,30.16,159
57,12,2.8,3,7,80,8,30.19,7229
57,12,2.8,2,10,75,0,30.12,18371
57,12,2.8,1,10,54,0,30.1,5918
57,12,2.8,0,10,70,0,30.11,0
57,12,2.8,0,10,72,3,30.15,0
55,7,2.3,0,10,80,0,30.17,0
55,7,2.3,0,8,90,3,30.15,0
55,7,2.3,2,4,93,3,30.14,191
55,7,2.3,2,6,83,5,30.16,14064
55,7,2.3,2,8,75,6,30.12,20574
55,7,2.3,2,6,75,0,30.09,5548
55,7,2.3,1,10,67,0,30.11,0
55,7,2.3,0,9,83,3,30.13,0
53,28,6.9,0,6,93,0,30.13,0
53,28,6.9,2,4,100,6,30.13,0
53,28,6.9,4,0.25,100,3,30.14,0
53,28,6.9,4,3,96,7,30.18,2184
53,28,6.9,4,4,86,9,30.14,2907
53,28,6.9,4,6,80,11,30.13,469
53,28,6.9,3,10,80,9,30.12,0
53,28,6.9,4,10,80,9,30.15,0
56,28,6.9,4,10,83,9,30.16,0
56,28,6.9,4,10,86,11,30.17,0
56,28,6.9,4,7,96,8,30.18,0
56,28,6.9,3,9,81,9,30.2,10230
56,28,6.9,1,10,75,5,30.14,19145
56,28,6.9,2,10,70,10,30.15,5666
56,28,6.9,1,10,86,5,30.16,0
56,28,6.9,0,10,90,0,30.19,0
53,33,3.7,0,8,90,5,30.17,0
53,33,3.7,4,5,93,0,30.18,0
53,33,3.7,4,0,100,0,30.2,0
53,33,3.7,4,1.5,100,3,30.2,5857
53,33,3.7,3,5,80,5,30.12,14677
53,33,3.7,4,6,69,3,30.1,3724
53,33,3.7,3,9,86,6,30.09,0
53,33,3.7,3,9,83,7,30.08,0
54,6,7.4,2,10,77,11,30.06,0
54,6,7.4,2,10,80,13,30.05,0
54,6,7.4,4,5,80,13,30.06,188
54,6,7.4,4,5,77,7,30.07,13982
54,6,7.4,0,7,64,6,30.03,21285
54,6,7.4,0,8,67,0,30,5652
54,6,7.4,0,8,83,5,30.02,0
54,6,7.4,0,9,77,0,30.08,0
54,15,3.5,0,10,83,5,30.11,0
54,15,3.5,0,10,89,5,30.14,0
54,15,3.5,1,6,86,6,30.17,117
54,15,3.5,1,6,72,6,30.23,13253
54,15,3.5,1,9,56,0,30.18,20321
54,15,3.5,3,10,46,0,30.16,5999
54,15,3.5,2,10,55,0,30.19,0
54,15,3.5,1,10,71,5,30.23,0
51,3,3.6,1,10,68,0,30.22,0
51,3,3.6,0,10,74,0,30.21,0
51,3,3.6,1,10,86,0,30.24,110
51,3,3.6,1,8,77,7,30.26,13734
51,3,3.6,1,7,62,0,30.21,20887
51,3,3.6,1,8,72,3,30.18,5603
51,3,3.6,1,9,77,3,30.17,0
51,3,3.6,1,10,80,0,30.18,0
50,27,6.6,2,8,86,6,30.17,0
50,27,6.6,2,5,89,6,30.16,0
50,27,6.6,2,4,96,6,30.13,140
50,27,6.6,4,2.5,86,0,30.15,12328
50,27,6.6,4,6,80,11,30.1,11715
50,27,6.6,4,10,74,10,30.08,3854
50,27,6.6,4,10,80,8,30.06,0
50,27,6.6,4,10,80,6,30.07,0
50,33,4.9,4,10,80,6,30.06,0
50,33,4.9,3,10,86,9,30.07,0
50,33,4.9,3,9,86,3,30.05,90
50,33,4.9,3,9,77,8,30.1,3336
50,33,4.9,1,10,77,9,30.07,15878
50,33,4.9,2,10,71,0,30.07,5654
50,33,4.9,1,10,74,0,30.08,0
50,33,4.9,0,10,86,3,30.09,0
49,6,6.4,0,10,89,3,30.11,0
49,6,6.4,1,10,93,3,30.16,0
49,6,6.4,1,10,57,7,30.23,108
49,6,6.4,1,10,49,6,30.27,13962
49,6,6.4,1,10,55,7,30.23,21545
49,6,6.4,1,10,67,11,30.26,5580
49,6,6.4,0,10,69,6,30.31,0
49,6,6.4,0,10,80,0,30.35,0
51,12,4,0,9,89,6,30.36,0
51,12,4,0,9,86,6,30.35,0
51,12,4,0,6,80,10,30.36,98
51,12,4,0,5,74,3,30.4,13185
51,12,4,0,8,51,3,30.32,20658
51,12,4,1,9,78,6,30.26,5430
51,12,4,0,10,69,3,30.25,0
51,12,4,1,10,74,3,30.27,0
50,29,4.9,0,10,80,0,30.22,0
50,29,4.9,1,10,83,0,30.18,0
50,29,4.9,1,10,83,9,30.18,25
50,29,4.9,3,8,72,0,30.18,12722
50,29,4.9,3,9,67,5,30.1,17127
50,29,4.9,3,6,78,0,30.04,4287
50,29,4.9,1,10,75,13,29.99,0
50,29,4.9,2,9,90,11,30,0
53,27,9.4,4,8,90,8,29.97,0
53,27,9.4,4,10,86,0,29.94,0
53,27,9.4,2,6,89,3,29.95,101
53,27,9.4,1,4,80,0,29.97,12297
53,27,9.4,3,9,67,8,29.9,15931
53,27,9.4,4,9,83,14,29.88,2812
53,27,9.4,4,10,80,29,29.86,0
53,27,9.4,4,10,90,7,29.85,0
49,29,15.9,3,10,72,22,29.84,0
49,29,15.9,4,9,69,22,29.85,0
49,29,15.9,2,10,66,14,29.89,75
49,29,15.9,2,10,57,15,29.92,12944
49,29,15.9,3,10,51,20,29.87,17309
49,29,15.9,2,10,61,16,29.85,3618
49,29,15.9,2,10,66,20,29.89,0
49,29,15.9,3,10,63,10,29.92,0
45,16,7.8,2,10,68,8,29.91,0
45,16,7.8,2,10,76,6,29.93,0
45,16,7.8,3,10,83,7,29.95,0
45,16,7.8,4,10,74,13,29.95,738
45,16,7.8,4,10,80,6,29.89,4194
45,16,7.8,4,4,86,0,29.83,223
45,16,7.8,4,9,93,8,29.79,0
45,16,7.8,3,10,89,10,29.77,0
46,21,8.9,3,10,93,8,29.75,0
46,21,8.9,3,10,83,7,29.75,0
46,21,8.9,4,9,80,8,29.76,0
46,21,8.9,3,9,77,9,29.81,10192
46,21,8.9,2,10,66,16,29.79,13049
46,21,8.9,3,10,61,15,29.79,198
46,21,8.9,3,10,93,8,29.82,0
46,21,8.9,2,10,89,5,29.87,0
43,5,9.3,3,10,76,3,29.89,0
43,5,9.3,3,10,93,3,29.9,0
43,5,9.3,4,4,93,9,29.93,0
43,5,9.3,3,10,86,10,29.99,4935
43,5,9.3,3,10,74,7,29.97,8729
43,5,9.3,3,10,83,20,29.99,1599
43,5,9.3,3,10,83,16,30.02,0
43,5,9.3,2,10,83,6,30.03,0
43,29,8.4,1,10,63,10,30.04,0
43,29,8.4,1,10,58,9,30.05,0
43,29,8.4,1,10,73,0,30.05,0
43,29,8.4,0,10,60,3,30.04,13602
43,29,8.4,1,10,44,5,29.96,22524
43,29,8.4,1,10,59,14,29.91,6311
43,29,8.4,0,10,71,10,29.91,0
43,29,8.4,0,10,68,14,29.92,0
47,20,8.7,0,10,63,7,29.92,0
47,20,8.7,0,10,65,6,29.97,0
47,20,8.7,1,10,77,7,30.05,37
47,20,8.7,2,10,80,6,30.12,8699
47,20,8.7,3,10,74,8,30.13,10968
47,20,8.7,4,10,69,11,30.14,3407
47,20,8.7,3,10,74,9,30.17,0
47,20,8.7,3,10,80,14,30.22,0
49,26,9.2,3,10,80,14,30.23,0
49,26,9.2,4,10,86,11,30.23,0
49,26,9.2,4,10,96,0,30.27,0
49,26,9.2,3,9,80,8,30.32,7715
49,26,9.2,2,10,59,14,30.3,18824
49,26,9.2,2,10,59,16,30.31,5367
49,26,9.2,1,10,71,10,30.34,0
49,26,9.2,1,10,77,9,30.36,0
43,29,2.3,1,10,73,6,30.37,0
43,29,2.3,0,10,82,5,30.35,0
43,29,2.3,1,10,82,0,30.36,91
43,29,2.3,2,10,74,0,30.4,12388
43,29,2.3,2,10,61,0,30.33,20205
43,29,2.3,3,10,61,0,30.29,5310
43,29,2.3,3,10,63,3,30.27,0
43,29,2.3,2,10,63,5,30.27,0
49,12,5.1,3,10,68,3,30.24,0
49,12,5.1,3,10,77,3,30.22,0
49,12,5.1,4,10,74,0,30.19,104
49,12,5.1,4,10,71,0,30.19,881
49,12,5.1,4,8,86,6,30.07,2223
49,12,5.1,4,5,86,10,29.99,612
49,12,5.1,4,4,100,10,29.9,0
49,12,5.1,4,10,96,10,29.87,0
48,26,8.9,2,10,83,7,29.83,0
48,26,8.9,3,10,89,3,29.86,0
48,26,8.9,1,10,89,0,29.89,0
48,26,8.9,1,10,69,9,29.91,13034
48,26,8.9,3,10,71,11,29.89,10962
48,26,8.9,3,10,71,11,29.88,2553
48,26,8.9,2,10,80,7,29.89,0
48,26,8.9,3,9,77,14,29.92,0
47,13,3.6,3,10,86,0,29.9,0
47,13,3.6,4,10,93,5,29.91,0
47,13,3.6,2,10,83,0,29.93,0
47,13,3.6,3,10,77,0,29.96,8491
47,13,3.6,3,10,77,8,29.93,12958
47,13,3.6,3,10,69,5,29.9,6769
47,13,3.6,4,10,71,3,29.89,0
47,13,3.6,4,10,77,6,29.89,0
51,14,10.4,4,10,83,9,29.88,0
51,14,10.4,4,8,83,6,29.84,0
51,14,10.4,4,10,83,5,29.82,0
51,14,10.4,4,10,80,7,29.84,2014
51,14,10.4,4,10,77,10,29.81,1672
51,14,10.4,4,10,72,10,29.78,212
51,14,10.4,4,10,77,6,29.77,0
51,14,10.4,4,10,75,22,29.72,0
47,28,21.1,4,10,86,30,29.65,0
47,28,21.1,4,8,90,15,29.64,0
47,28,21.1,4,10,93,24,29.67,0
47,28,21.1,3,6,96,25,29.79,7417
47,28,21.1,2,10,57,28,29.81,20992
47,28,21.1,2,10,68,26,29.86,5808
47,28,21.1,1,10,68,20,29.91,0
47,28,21.1,1,10,66,16,29.98,0
47,29,4.9,0,10,71,10,30.04,0
47,29,4.9,0,10,71,9,30.09,0
47,29,4.9,0,10,74,8,30.17,0
47,29,4.9,1,10,68,0,30.25,13246
47,29,4.9,1,10,54,5,30.24,22387
47,29,4.9,2,10,52,0,30.26,6491
47,29,4.9,3,10,71,8,30.29,0
47,29,4.9,3,10,74,0,30.32,0
45,12,1.3,1,10,83,0,30.32,0
45,12,1.3,2,10,89,0,30.34,0
45,12,1.3,2,10,93,0,30.37,0
45,12,1.3,2,10,80,3,30.42,6570
45,12,1.3,3,10,71,5,30.37,13748
45,12,1.3,3,10,66,0,30.36,1869
45,12,1.3,3,10,77,0,30.36,0
45,12,1.3,3,10,77,0,30.39,0
51,10,2.4,4,10,86,0,30.38,0
51,10,2.4,4,10,89,3,30.38,0
51,10,2.4,2,10,89,0,30.37,101
51,10,2.4,3,10,86,8,30.39,11039
51,10,2.4,3,10,80,0,30.33,14950
51,10,2.4,3,10,67,0,30.28,6341
51,10,2.4,2,10,80,3,30.27,0
51,10,2.4,3,10,86,5,30.27,0
51,30,3.2,2,10,89,3,30.26,0
51,30,3.2,3,9,93,0,30.26,0
51,30,3.2,3,9,93,0,30.28,0
51,30,3.2,3,6,90,5,30.3,3729
51,30,3.2,3,6,86,3,30.25,8365
51,30,3.2,2,10,72,0,30.22,6822
51,30,3.2,1,10,93,8,30.2,0
51,30,3.2,1,10,90,3,30.22,0
50,34,4.6,1,10,89,0,30.21,0
50,34,4.6,2,6,93,5,30.21,0
50,34,4.6,3,5,96,9,30.21,15
50,34,4.6,3,0.75,93,6,30.23,12426
50,34,4.6,1,5,86,3,30.15,22458
50,34,4.6,1,10,83,6,30.12,7453
50,34,4.6,1,10,86,6,30.15,0
50,34,4.6,1,10,93,7,30.19,0
48,30,4.1,3,7,96,7,30.2,0
48,30,4.1,4,0.5,96,0,30.2,0
48,30,4.1,4,0.25,96,5,30.22,0
48,30,4.1,4,0.5,96,3,30.26,2423
48,30,4.1,1,2.5,96,3,30.2,15177
48,30,4.1,3,1.25,96,8,30.18,5904
48,30,4.1,4,10,93,9,30.17,0
48,30,4.1,4,10,90,5,30.18,0
47,3,3.8,4,10,93,8,30.17,0
47,3,3.8,4,10,89,7,30.18,0
47,3,3.8,4,5,93,9,30.18,0
47,3,3.8,4,4,89,5,30.21,9650
47,3,3.8,4,6,89,0,30.14,17059
47,3,3.8,2,7,83,6,30.09,6573
47,3,3.8,0,4,86,5,30.08,0
47,3,3.8,4,4,89,0,30.07,0
51,25,10.3,4,1.5,96,3,30.03,0
51,25,10.3,4,1.75,96,9,30.02,0
51,25,10.3,4,4,96,10,29.95,0
51,25,10.3,4,3,93,6,29.93,998
51,25,10.3,4,5,90,14,29.91,3831
51,25,10.3,2,10,74,16,29.92,4368
51,25,10.3,2,10,74,14,29.95,0
51,25,10.3,2,10,83,8,30,0
44,30,5.2,2,10,80,3,30.01,0
44,30,5.2,1,10,86,6,30.04,0
44,30,5.2,1,10,86,3,30.05,6
44,30,5.2,2,10,61,0,30.09,10848
44,30,5.2,3,10,54,7,30.05,20941
44,30,5.2,3,10,50,13,30.04,7581
44,30,5.2,1,10,68,3,30.05,0
44,30,5.2,1,10,76,8,30.07,0
42,27,2.4,0,10,76,0,30.08,0
42,27,2.4,0,10,73,0,30.1,0
42,27,2.4,0,10,76,3,30.13,13
42,27,2.4,2,10,71,0,30.21,11696
42,27,2.4,3,10,61,3,30.17,20749
42,27,2.4,3,10,52,0,30.17,6851
42,27,2.4,3,10,68,8,30.22,0
42,27,2.4,3,10,74,0,30.24,0
46,4,4.2,4,10,77,0,30.22,0
46,4,4.2,4,10,74,3,30.2,0
46,4,4.2,4,10,68,0,30.2,0
46,4,4.2,4,10,68,0,30.2,1847
46,4,4.2,4,1.5,93,0,30.16,4988
46,4,4.2,4,1.5,96,5,30.18,1175
46,4,4.2,4,6,93,0,30.21,0
46,4,4.2,3,9,86,7,30.25,0
49,17,3.5,4,9,86,0,30.25,0
49,17,3.5,4,10,93,0,30.27,0
49,17,3.5,4,8,86,6,30.26,0
49,17,3.5,4,8,86,6,30.3,2312
49,17,3.5,4,10,80,3,30.26,15975
49,17,3.5,3,10,80,0,30.25,7508
49,17,3.5,3,10,93,9,30.27,0
49,17,3.5,4,10,90,0,30.29,0
49,1,3.8,4,8,93,5,30.26,0
49,1,3.8,4,4,93,5,30.27,0
49,1,3.8,4,5,89,3,30.26,0
49,1,3.8,4,5,86,3,30.29,8716
49,1,3.8,1,5,80,0,30.23,20917
49,1,3.8,1,6,77,0,30.19,7239
49,1,3.8,0,9,86,6,30.17,0
49,1,3.8,0,7,86,8,30.16,0
48,4,3.8,2,5,89,7,30.15,0
48,4,3.8,4,4,89,6,30.18,0
48,4,3.8,4,4,93,3,30.19,0
48,4,3.8,3,2.5,83,5,30.22,8436
48,4,3.8,4,9,86,6,30.17,7129
48,4,3.8,2,9,80,7,30.18,7093
48,4,3.8,1,10,89,0,30.2,0
48,4,3.8,0,8,89,0,30.22,0
49,11,6.6,0,6,93,5,30.22,0
49,11,6.6,4,2,96,6,30.24,0
49,11,6.6,4,0.25,96,0,30.27,3
49,11,6.6,1,5,96,7,30.3,12752
49,11,6.6,1,10,51,13,30.26,23728
49,11,6.6,1,10,39,6,30.26,8333
49,11,6.6,1,10,45,10,30.32,0
49,11,6.6,1,10,46,10,30.37,0
56,8,6.9,1,10,53,10,30.39,0
56,8,6.9,0,10,64,14,30.43,0
56,8,6.9,0,10,61,5,30.47,3
56,8,6.9,0,10,69,10,30.53,12646
56,8,6.9,0,10,41,5,30.49,23280
56,8,6.9,1,10,58,7,30.47,8262
56,8,6.9,1,10,51,6,30.5,0
56,8,6.9,0,10,77,5,30.52,0
48,3,2.7,0,10,77,0,30.5,0
48,3,2.7,0,10,77,6,30.49,0
48,3,2.7,1,10,83,3,30.5,0
48,3,2.7,1,10,77,3,30.51,12521
48,3,2.7,2,10,77,5,30.43,22737
48,3,2.7,3,10,72,5,30.35,7538
48,3,2.7,2,10,51,3,30.32,0
48,3,2.7,1,10,77,0,30.31,0
59,9,9.5,1,10,71,0,30.29,0
59,9,9.5,1,10,58,9,30.28,0
59,9,9.5,2,10,48,8,30.29,128
59,9,9.5,3,10,48,17,30.31,815
59,9,9.5,2,10,50,13,30.27,0
59,9,9.5,1,10,42,16,30.23,0
59,9,9.5,0,10,52,9,30.25,0
59,9,9.5,0,10,52,8,30.28,0
61,13,5.3,0,10,64,7,30.3,0
61,13,5.3,0,10,64,8,30.3,0
61,13,5.3,0,10,80,9,30.3,0
61,13,5.3,0,10,46,9,30.33,12826
61,13,5.3,0,10,35,7,30.27,22992
61,13,5.3,0,10,29,3,30.22,8465
61,13,5.3,0,10,69,0,30.23,0
61,13,5.3,0,10,57,0,30.24,0
55,9,2.3,0,10,74,5,30.23,0
55,9,2.3,0,10,86,0,30.22,0
55,9,2.3,0,10,89,0,30.22,18
55,9,2.3,1,10,80,3,30.24,12654
55,9,2.3,3,9,78,6,30.17,22639
55,9,2.3,2,10,40,3,30.14,8636
55,9,2.3,3,10,55,0,30.15,0
55,9,2.3,2,10,64,3,30.16,0
56,13,3.2,1,10,77,0,30.15,0
56,13,3.2,1,10,80,0,30.14,0
56,13,3.2,1,10,83,5,30.15,15
56,13,3.2,1,10,51,9,30.17,12969
56,13,3.2,1,10,70,6,30.12,23144
56,13,3.2,1,10,39,3,30.1,8684
56,13,3.2,1,10,64,3,30.11,0
56,13,3.2,0,10,59,3,30.15,0
55,12,2,0,10,69,0,30.16,0
55,12,2,0,10,77,0,30.19,0
55,12,2,0,10,80,0,30.22,21
55,12,2,0,10,72,7,30.27,12728
55,12,2,0,10,65,3,30.21,23077
55,12,2,0,10,56,0,30.19,3049
55,12,2,0,10,55,0,30.2,0
55,12,2,0,10,59,0,30.24,0
52,6,1.1,0,10,71,0,30.24,0
52,6,1.1,1,10,83,0,30.23,0
52,6,1.1,0,10,89,0,30.23,189
52,6,1.1,0,6,80,0,30.25,12474
52,6,1.1,0,6,80,8,30.18,22482
52,6,1.1,1,6,69,0,30.15,8277
52,6,1.1,0,8,62,0,30.15,0
52,6,1.1,0,8,77,0,30.19,0
55,14,2.5,0,8,93,6,30.21,0
55,14,2.5,0,8,89,0,30.23,0
55,14,2.5,0,8,93,5,30.25,52
55,14,2.5,0,4,72,8,30.29,12545
55,14,2.5,0,5,54,3,30.26,23065
55,14,2.5,0,6,42,0,30.25,8581
55,14,2.5,0,10,58,0,30.25,0
55,14,2.5,0,10,66,3,30.26,0
55,14,1.9,0,10,80,0,30.25,0
55,14,1.9,0,10,77,0,30.24,0
55,14,1.9,0,10,77,0,30.24,23
55,14,1.9,0,10,48,6,30.26,13489
55,14,1.9,0,10,45,5,30.19,23615
55,14,1.9,0,10,31,0,30.15,9129
55,14,1.9,0,10,48,3,30.15,0
55,14,1.9,0,10,67,3,30.16,0
55,13,1.5,0,10,74,0,30.15,0
55,13,1.5,0,10,77,0,30.15,0
55,13,1.5,1,10,86,0,30.15,207
55,13,1.5,1,10,55,3,30.17,13558
55,13,1.5,1,10,37,3,30.09,23223
55,13,1.5,2,10,52,5,30.04,8478
55,13,1.5,1,10,50,0,30.04,0
55,13,1.5,2,10,55,0,30.05,0
55,4,2.4,2,10,83,0,30.04,0
55,4,2.4,3,10,74,5,30.01,0
55,4,2.4,3,10,77,3,29.99,0
55,4,2.4,4,10,75,3,30.02,1488
55,4,2.4,4,10,67,0,29.98,2059
55,4,2.4,4,10,72,3,29.98,1216
55,4,2.4,4,10,77,3,29.98,0
55,4,2.4,4,10,83,7,30,0
53,2,2.6,4,8,83,5,29.98,0
53,2,2.6,4,4,93,0,29.98,0
53,2,2.6,4,2.5,93,9,29.98,0
53,2,2.6,4,4,96,0,30.02,120
53,2,2.6,4,4,93,7,30,4956
53,2,2.6,4,8,93,0,30,2298
53,2,2.6,4,9,93,0,30,0
53,2,2.6,4,10,86,3,30.01,0
54,32,2.7,4,7,75,7,30.01,0
54,32,2.7,4,5,93,3,30.02,0
54,32,2.7,4,4,96,3,30.02,0
54,32,2.7,4,6,96,0,30.05,2240
54,32,2.7,4,1.5,96,0,30.03,4097
54,32,2.7,4,3,96,0,30.02,1871
54,32,2.7,4,4,96,0,30.04,0
54,32,2.7,4,8,96,7,30.07,0
52,27,10,4,5,96,8,30.09,0
52,27,10,4,9,96,14,30.12,0
52,27,10,4,10,90,10,30.14,0
52,27,10,4,6,93,10,30.18,1483
52,27,10,4,10,80,10,30.15,2273
52,27,10,4,9,80,9,30.15,1717
52,27,10,4,10,80,9,30.14,0
52,27,10,4,10,69,13,30.17,0
50,28,18.7,4,10,71,16,30.15,0
50,28,18.7,3,10,69,21,30.11,0
50,28,18.7,2,10,74,18,30.09,17
50,28,18.7,2,10,69,18,30.11,13734
50,28,18.7,3,10,72,21,30.05,19435
50,28,18.7,3,10,72,21,29.99,4842
50,28,18.7,2,10,77,21,29.98,0
50,28,18.7,2,10,80,11,30,0
47,32,6.6,1,10,77,7,30.01,0
47,32,6.6,1,10,79,5,30.03,0
47,32,6.6,1,10,79,3,30.07,0
47,32,6.6,1,10,71,3,30.12,15341
47,32,6.6,1,10,66,5,30.1,25763
47,32,6.6,1,10,51,6,30.12,10514
47,32,6.6,0,10,71,8,30.2,0
47,32,6.6,0,10,54,7,30.26,0
47,36,6,0,10,52,15,30.31,0
47,36,6,0,10,44,5,30.39,0
47,36,6,1,10,42,6,30.42,0
47,36,6,1,10,34,0,30.49,14987
47,36,6,1,10,35,5,30.48,25220
47,36,6,1,10,53,5,30.47,10118
47,36,6,0,10,68,9,30.49,0
47,36,6,0,10,66,5,30.51,0
49,27,4.7,0,10,76,0,30.5,0
49,27,4.7,0,10,79,3,30.49,0
49,27,4.7,0,10,86,3,30.5,0
49,27,4.7,0,10,61,3,30.5,15070
49,27,4.7,0,10,40,0,30.39,25314
49,27,4.7,1,10,67,16,30.32,10416
49,27,4.7,1,10,90,13,30.3,0
49,27,4.7,0,10,89,0,30.31,0
54,10,4.8,0,10,86,0,30.29,0
54,10,4.8,0,10,86,6,30.3,0
54,10,4.8,1,10,53,14,30.33,0
54,10,4.8,0,10,49,9,30.37,0
54,10,4.8,0,10,46,6,30.31,0
54,10,4.8,0,10,34,5,30.29,0
54,10,4.8,0,10,75,0,30.3,0
54,10,4.8,0,10,64,3,30.31,0
52,29,4.8,0,10,80,5,30.31,0
52,29,4.8,0,10,83,6,30.3,0
52,29,4.8,1,10,89,3,30.31,0
52,29,4.8,0,8,77,0,30.32,0
52,29,4.8,0,8,75,3,30.25,21150
52,29,4.8,0,9,56,3,30.21,10418
52,29,4.8,0,10,77,9,30.2,0
52,29,4.8,1,8,93,11,30.21,0
51,28,5,1,10,93,13,30.18,0
51,28,5,1,10,89,3,30.17,0
51,28,5,0,10,89,0,30.16,292
51,28,5,0,5,83,0,30.19,15312
51,28,5,0,7,80,5,30.14,24563
51,28,5,0,10,67,10,30.09,10570
51,28,5,0,10,83,7,30.09,1
51,28,5,1,10,89,5,30.12,0
54,32,1.9,0,10,86,0,30.13,0
54,32,1.9,1,10,83,0,30.15,0
54,32,1.9,0,10,86,0,30.18,362
54,32,1.9,0,10,42,3,30.23,16420
54,32,1.9,0,10,29,5,30.18,25922
54,32,1.9,0,10,29,5,30.17,11047
54,32,1.9,0,10,45,5,30.19,0
54,32,1.9,0,10,59,0,30.21,0
54,7,1.8,0,10,77,0,30.22,0
54,7,1.8,0,10,80,5,30.21,0
54,7,1.8,1,10,89,5,30.22,375
54,7,1.8,1,10,72,3,30.26,15387
54,7,1.8,0,9,69,6,30.2,24249
54,7,1.8,0,9,49,0,30.15,10241
54,7,1.8,0,10,65,0,30.15,0
54,7,1.8,0,10,77,0,30.17,0
56,32,3.1,0,9,80,0,30.14,0
56,32,3.1,0,5,86,0,30.11,0
56,32,3.1,0,4,93,3,30.1,345
56,32,3.1,0,4,67,6,30.1,15731
56,32,3.1,0,5,72,5,30.02,24745
56,32,3.1,1,10,58,8,29.97,10469
56,32,3.1,1,10,46,0,29.97,0
56,32,3.1,1,10,62,7,29.98,0
53,20,4.5,2,10,61,0,29.99,0
53,20,4.5,2,10,96,7,29.97,0
53,20,4.5,4,6,89,5,29.97,416
53,20,4.5,3,3,93,0,29.99,13562
53,20,4.5,4,4,78,0,29.95,14862
53,20,4.5,4,6,65,0,29.9,6425
53,20,4.5,4,10,75,3,29.89,3
53,20,4.5,4,10,44,20,29.9,0
55,16,10.3,2,10,72,8,29.89,0
55,16,10.3,4,10,90,8,29.91,0
55,16,10.3,4,10,90,8,29.91,1
55,16,10.3,3,10,83,11,29.96,4891
55,16,10.3,4,10,86,10,29.92,13489
55,16,10.3,3,10,72,14,29.9,6004
55,16,10.3,2,10,80,14,29.9,2
55,16,10.3,3,10,83,13,29.89,0
53,13,7.5,3,10,86,9,29.86,0
53,13,7.5,3,10,86,8,29.82,0
53,13,7.5,4,7,96,10,29.79,114
53,13,7.5,3,10,80,6,29.81,7359
53,13,7.5,4,9,83,6,29.79,4337
53,13,7.5,4,10,77,7,29.79,7204
53,13,7.5,4,10,86,6,29.8,0
53,13,7.5,4,7,86,15,29.83,0
55,32,5.3,3,10,83,9,29.85,0
55,32,5.3,3,10,86,10,29.84,0
55,32,5.3,2,10,86,7,29.86,501
55,32,5.3,3,10,83,3,29.89,9382
55,32,5.3,3,10,77,0,29.85,18365
55,32,5.3,2,10,69,11,29.85,9865
55,32,5.3,0,10,66,5,29.84,0
55,32,5.3,1,10,86,8,29.84,0
50,23,9,1,10,89,3,29.86,0
50,23,9,2,10,93,0,29.86,0
50,23,9,3,10,93,3,29.9,0
50,23,9,4,10,86,6,29.93,2169
50,23,9,4,10,77,10,29.91,6027
50,23,9,3,10,69,16,29.85,7760
50,23,9,4,10,86,11,29.82,0
50,23,9,3,10,77,15,29.83,0
48,29,16.2,3,10,68,18,29.84,0
48,29,16.2,3,10,74,10,29.85,0
48,29,16.2,3,10,77,6,29.89,795
48,29,16.2,3,10,59,21,29.96,16394
48,29,16.2,1,10,47,28,29.97,28891
48,29,16.2,1,10,64,26,30,12843
48,29,16.2,1,10,68,21,30.04,0
48,29,16.2,1,10,71,10,30.09,0
46,22,10.4,1,10,73,6,30.12,0
46,22,10.4,1,10,73,3,30.13,0
46,22,10.4,0,10,70,5,30.18,765
46,22,10.4,1,10,54,14,30.22,18914
46,22,10.4,3,10,59,8,30.21,26486
46,22,10.4,3,10,61,11,30.18,6262
46,22,10.4,4,10,61,14,30.14,0
46,22,10.4,3,9,80,17,30.11,0
49,22,7.7,3,10,89,15,30.09,0
49,22,7.7,2,10,86,6,30.12,0
49,22,7.7,3,10,96,6,30.14,0
49,22,7.7,3,9,83,8,30.16,0
49,22,7.7,3,10,72,8,30.12,0
49,22,7.7,4,7,83,10,30.1,0
49,22,7.7,2,10,77,9,30.09,0
49,22,7.7,3,10,89,7,30.1,0
49,22,6,3,10,89,3,30.09,0
49,22,6,3,10,86,6,30.09,0
49,22,6,2,10,86,0,30.14,860
49,22,6,2,10,77,5,30.2,14244
49,22,6,1,10,66,5,30.17,23065
49,22,6,3,10,59,8,30.15,12110
49,22,6,4,10,74,6,30.15,0
49,22,6,4,10,71,13,30.1,0
49,21,8.1,4,8,80,10,30.02,0
49,21,8.1,4,5,80,21,29.96,0
49,21,8.1,3,10,89,0,29.97,677
49,21,8.1,2,10,71,7,29.98,10223
49,21,8.1,2,10,57,10,29.96,23594
49,21,8.1,4,4,83,11,29.96,3329
49,21,8.1,3,10,83,8,29.94,0
49,21,8.1,3,10,80,6,29.97,0
48,14,12.3,2,10,86,6,29.98,0
48,14,12.3,3,10,89,7,29.98,0
48,14,12.3,3,10,93,8,30.01,311
48,14,12.3,3,10,80,11,30.04,14471
48,14,12.3,3,10,64,15,29.99,16337
48,14,12.3,3,10,59,17,29.94,7212
48,14,12.3,4,10,69,11,29.91,0
48,14,12.3,3,10,66,14,29.86,0
49,13,16.6,4,10,66,23,29.79,0
49,13,16.6,4,8,83,24,29.74,0
49,13,16.6,4,4,93,22,29.73,0
49,13,16.6,4,5,89,20,29.75,2428
49,13,16.6,4,10,83,24,29.7,3695
49,13,16.6,4,4,83,16,29.71,121
49,13,16.6,4,4,93,14,29.64,0
49,13,16.6,4,5,93,7,29.62,0
51,15,12.6,4,10,89,9,29.59,0
51,15,12.6,4,10,80,13,29.52,0
51,15,12.6,4,4,89,14,29.48,0
51,15,12.6,4,8,89,9,29.56,2983
51,15,12.6,3,10,74,11,29.61,13147
51,15,12.6,3,10,66,17,29.64,5516
51,15,12.6,4,10,83,15,29.68,0
51,15,12.6,3,10,83,14,29.71,0
51,18,11.8,3,10,86,14,29.74,0
51,18,11.8,4,4,80,14,29.74,0
51,18,11.8,4,10,80,11,29.79,114
51,18,11.8,3,10,72,14,29.87,2274
51,18,11.8,4,10,74,17,29.92,5403
51,18,11.8,3,10,80,6,29.96,2903
51,18,11.8,3,10,83,6,30.02,145
51,18,11.8,3,10,86,6,30.1,0
50,7,3.8,3,10,93,5,30.15,0
50,7,3.8,2,10,93,5,30.18,0
50,7,3.8,1,10,93,0,30.22,314
50,7,3.8,3,10,83,8,30.25,18188
50,7,3.8,3,10,75,6,30.21,23389
50,7,3.8,4,10,62,0,30.19,7755
50,7,3.8,3,10,67,0,30.2,97
50,7,3.8,2,10,77,0,30.2,0
53,16,3,0,10,86,3,30.19,0
53,16,3,0,10,93,0,30.17,0
53,16,3,1,10,93,0,30.2,1011
53,16,3,1,10,83,6,30.22,19469
53,16,3,2,10,72,3,30.18,27043
53,16,3,2,10,40,10,30.13,13347
53,16,3,1,10,69,6,30.14,72
53,16,3,0,10,69,0,30.16,0
54,32,1.3,2,10,77,3,30.17,0
54,32,1.3,3,10,80,0,30.18,0
54,32,1.3,3,10,86,3,30.18,869
54,32,1.3,3,10,69,5,30.19,7004
54,32,1.3,3,10,60,0,30.13,0
54,32,1.3,4,10,58,0,30.07,0
54,32,1.3,2,10,75,0,30.05,0
54,32,1.3,1,10,74,5,30.06,0
55,14,6.9,1,10,83,3,30.06,0
55,14,6.9,2,10,93,0,30.06,0
55,14,6.9,3,10,86,3,30.05,455
55,14,6.9,3,10,83,6,30.05,15925
55,14,6.9,4,10,83,0,30.04,12785
55,14,6.9,4,10,62,6,30,3458
55,14,6.9,4,10,78,24,29.93,0
55,14,6.9,4,10,78,15,29.92,0
56,15,9.4,4,10,78,20,29.97,0
56,15,9.4,4,10,86,0,29.97,0
56,15,9.4,4,3,93,10,29.96,0
56,15,9.4,4,4,93,7,29.99,133
56,15,9.4,4,4,90,7,29.99,1272
56,15,9.4,4,3,90,13,29.99,263
56,15,9.4,4,10,83,7,29.99,0
56,15,9.4,4,9,90,11,30.02,0
57,17,14.6,4,9,93,0,30.02,0
57,17,14.6,4,10,90,6,30.01,0
57,17,14.6,4,8,87,25,30,0
57,17,14.6,4,9,87,26,30.07,1046
57,17,14.6,4,10,84,18,30.07,2918
57,17,14.6,3,10,81,15,30.07,3445
57,17,14.6,4,8,87,16,30.09,144
57,17,14.6,4,6,90,14,30.13,0
55,27,5.3,4,6,90,10,30.15,0
55,27,5.3,4,10,96,3,30.17,0
55,27,5.3,3,9,100,3,30.18,1512
55,27,5.3,1,10,78,5,30.19,19599
55,27,5.3,2,10,72,5,30.17,29645
55,27,5.3,3,10,60,13,30.12,14527
55,27,5.3,3,10,77,8,30.08,135
55,27,5.3,3,10,86,5,30.08,0
56,17,7.6,3,10,83,6,30.07,0
56,17,7.6,3,10,86,5,30.08,0
56,17,7.6,3,10,86,8,30.11,196
56,17,7.6,3,10,77,6,30.15,9942
56,17,7.6,3,10,58,13,30.15,21062
56,17,7.6,4,10,72,11,30.13,5755
56,17,7.6,4,10,80,10,30.14,0
56,17,7.6,4,10,80,9,30.15,0
53,27,11.1,3,10,90,9,30.14,0
53,27,11.1,4,4,96,11,30.15,0
53,27,11.1,4,10,90,7,30.16,262
53,27,11.1,3,10,80,9,30.22,8573
53,27,11.1,3,10,75,14,30.21,28021
53,27,11.1,2,10,67,22,30.18,14907
53,27,11.1,2,10,74,13,30.21,112
53,27,11.1,2,10,77,8,30.23,0
52,32,5.2,0,10,74,6,30.23,0
52,32,5.2,1,10,74,5,30.21,0
52,32,5.2,3,10,74,5,30.23,1699
52,32,5.2,2,10,66,8,30.21,20749
52,32,5.2,3,10,64,6,30.17,29836
52,32,5.2,3,10,62,0,30.14,11279
52,32,5.2,3,10,67,0,30.1,66
52,32,5.2,2,10,69,0,30.12,0
55,10,3.1,3,10,77,6,30.11,0
55,10,3.1,3,10,80,5,30.06,0
55,10,3.1,3,10,71,0,30.04,659
55,10,3.1,4,10,69,3,30.05,9928
55,10,3.1,4,10,70,5,30.01,11983
55,10,3.1,4,10,75,5,29.96,6459
55,10,3.1,4,10,75,3,29.97,41
55,10,3.1,4,10,83,0,29.97,0
59,14,9.9,4,10,90,11,29.98,0
59,14,9.9,3,10,80,6,29.98,0
59,14,9.9,4,10,86,5,30.04,0
59,14,9.9,4,10,83,5,30.04,2396
59,14,9.9,4,10,87,16,29.97,2687
59,14,9.9,4,9,90,23,29.87,608
59,14,9.9,4,10,90,3,29.92,0
59,14,9.9,4,10,78,25,29.93,0
57,19,20.8,3,10,87,20,29.94,0
57,19,20.8,3,10,87,17,29.91,0
57,19,20.8,4,3,93,17,29.91,21
57,19,20.8,4,8,90,11,29.91,532
57,19,20.8,4,1.5,86,22,29.9,3748
57,19,20.8,2,10,67,33,29.89,10489
57,19,20.8,4,10,75,26,29.89,0
57,19,20.8,3,10,67,22,29.94,0
54,20,17.3,3,10,75,20,29.94,0
54,20,17.3,3,10,75,18,29.91,0
54,20,17.3,3,10,75,24,29.9,0
54,20,17.3,3,8,90,11,29.95,2933
54,20,17.3,3,9,83,17,29.91,15361
54,20,17.3,3,10,55,24,29.86,4139
54,20,17.3,3,10,64,20,29.85,0
54,20,17.3,3,9,89,9,29.88,0
50,18,7.9,3,10,74,8,29.89,0
50,18,7.9,2,10,83,5,29.91,0
50,18,7.9,3,10,80,6,29.96,1291
50,18,7.9,3,10,77,5,30.03,16983
50,18,7.9,3,10,57,13,30.03,25415
50,18,7.9,3,10,55,11,30.03,12898
50,18,7.9,3,10,71,9,30.05,134
50,18,7.9,2,10,71,10,30.07,0
52,27,7.3,4,10,83,5,30.1,0
52,27,7.3,4,9,96,10,30.11,0
52,27,7.3,3,10,77,6,30.14,1190
52,27,7.3,3,10,80,3,30.18,16816
52,27,7.3,3,10,69,5,30.16,27173
52,27,7.3,3,10,62,10,30.13,15652
52,27,7.3,3,10,72,10,30.13,86
52,27,7.3,2,10,77,7,30.14,0
52,28,12.6,3,10,77,14,30.14,0
52,28,12.6,2,10,71,9,30.14,0
52,28,12.6,4,10,80,3,30.14,467
52,28,12.6,3,10,67,14,30.15,21939
52,28,12.6,3,10,64,17,30.13,16806
52,28,12.6,3,10,64,18,30.1,14635
52,28,12.6,2,10,77,15,30.11,335
52,28,12.6,1,10,80,11,30.11,0
52,28,6.3,1,10,86,6,30.1,0
52,28,6.3,1,10,93,0,30.08,0
52,28,6.3,1,10,93,0,30.11,1364
52,28,6.3,1,10,80,6,30.15,19736
52,28,6.3,1,10,75,3,30.12,30769
52,28,6.3,2,10,67,14,30.07,15836
52,28,6.3,1,10,77,13,30.07,228
52,28,6.3,0,10,80,8,30.07,0
52,26,13.4,3,10,83,6,30.07,0
52,26,13.4,4,10,83,3,30.03,0
52,26,13.4,4,10,77,9,30.03,331
52,26,13.4,2,10,72,5,30.03,14201
52,26,13.4,1,10,59,17,30.01,31911
52,26,13.4,1,10,64,22,29.97,16173
52,26,13.4,1,10,71,10,29.96,230
52,26,13.4,1,10,61,24,29.98,0
49,29,13.2,1,10,58,18,30.01,0
49,29,13.2,0,10,65,10,30.04,0
49,29,13.2,1,10,53,14,30.07,2292
49,29,13.2,1,10,48,11,30.12,25550
49,29,13.2,1,10,45,15,30.12,32890
49,29,13.2,1,10,50,18,30.11,17309
49,29,13.2,0,10,63,16,30.13,244
49,29,13.2,0,10,68,8,30.16,0
48,27,6.3,0,10,65,5,30.17,0
48,27,6.3,0,10,79,3,30.16,0
48,27,6.3,0,10,77,6,30.18,2552
48,27,6.3,1,10,71,3,30.2,24464
48,27,6.3,1,10,45,3,30.14,32187
48,27,6.3,1,10,53,17,30.08,16680
48,27,6.3,1,10,61,17,30.07,160
48,27,6.3,3,10,71,6,30.09,0
50,28,5.9,3,10,73,0,30.07,0
50,28,5.9,1,10,73,3,30.04,0
50,28,5.9,1,10,79,0,30.05,2089
50,28,5.9,1,10,74,5,30.07,24003
50,28,5.9,1,10,41,0,30.03,31376
50,28,5.9,2,10,57,14,30,16173
50,28,5.9,0,10,69,16,30.02,247
50,28,5.9,0,10,77,7,30.06,0
51,28,9.5,1,10,86,6,30.07,0
51,28,9.5,1,10,86,0,30.07,0
51,28,9.5,1,10,89,5,30.1,1452
51,28,9.5,1,10,77,5,30.13,22968
51,28,9.5,1,10,62,14,30.1,31733
51,28,9.5,1,10,72,20,30.1,16613
51,28,9.5,1,10,83,17,30.1,264
51,28,9.5,1,10,86,13,30.15,0
52,27,11.5,1,10,89,10,30.15,0
52,27,11.5,4,10,89,7,30.15,0
52,27,11.5,4,10,83,0,30.16,738
52,27,11.5,2,10,77,5,30.18,22241
52,27,11.5,1,10,72,14,30.12,31880
52,27,11.5,1,10,72,24,30.09,16760
52,27,11.5,2,10,83,14,30.07,277
52,27,11.5,4,10,77,13,30.1,0
51,27,12.9,4,10,77,15,30.08,0
51,27,12.9,4,10,71,11,30.06,0
51,27,12.9,4,10,66,9,30.05,1260
51,27,12.9,4,10,66,17,30.08,13083
51,27,12.9,4,10,64,17,30.05,16045
51,27,12.9,4,10,64,16,30.03,10900
51,27,12.9,4,10,74,13,30.04,229
51,27,12.9,3,10,77,10,30.05,0
55,18,8.2,4,10,77,8,30.05,0
55,18,8.2,4,6,93,5,30.04,0
55,18,8.2,4,4,96,7,30.08,234
55,18,8.2,4,10,90,6,30.12,4700
55,18,8.2,4,10,78,10,30.12,8957
55,18,8.2,4,10,75,13,30.11,4361
55,18,8.2,3,10,80,8,30.13,12
55,18,8.2,3,10,83,7,30.17,0
59,20,8.6,4,10,90,13,30.17,0
59,20,8.6,4,6,96,9,30.18,0
59,20,8.6,4,10,96,7,30.22,324
59,20,8.6,4,9,87,11,30.26,6543
59,20,8.6,3,10,72,10,30.26,15051
59,20,8.6,3,10,70,16,30.25,12293
59,20,8.6,3,10,87,8,30.26,30
59,20,8.6,4,5,93,6,30.29,0
58,28,9,2,10,93,6,30.28,0
58,28,9,4,10,96,5,30.28,0
58,28,9,4,10,90,0,30.3,388
58,28,9,3,10,75,6,30.31,15785
58,28,9,3,10,72,5,30.28,27142
58,28,9,2,10,78,15,30.24,15649
58,28,9,3,10,86,22,30.24,290
58,28,9,2,10,90,14,30.24,0
58,29,8,2,10,93,10,30.23,0
58,29,8,2,10,93,6,30.22,0
58,29,8,4,8,90,0,30.22,3180
58,29,8,3,7,83,0,30.22,23463
58,29,8,3,8,75,5,30.16,27536
58,29,8,3,10,61,17,30.1,13687
58,29,8,3,10,72,17,30.07,384
58,29,8,2,10,77,8,30.05,0
59,28,12.4,3,10,80,3,30.04,0
59,28,12.4,3,10,86,8,30.02,0
59,28,12.4,1,9,86,13,30.03,3324
59,28,12.4,2,10,78,3,30.03,24644
59,28,12.4,2,10,67,20,29.99,31762
59,28,12.4,2,10,70,24,29.97,16724
59,28,12.4,1,10,77,17,29.95,330
59,28,12.4,2,10,86,16,29.96,0
54,27,15.6,1,10,90,14,29.95,0
54,27,15.6,4,10,93,18,29.95,0
54,27,15.6,4,8,96,14,29.96,549
54,27,15.6,3,9,83,10,29.97,21293
54,27,15.6,1,10,75,20,29.94,32324
54,27,15.6,3,9,83,24,29.91,16800
54,27,15.6,2,10,83,14,29.9,423
54,27,15.6,2,10,86,11,29.91,0
52,22,10.9,4,10,83,14,29.93,0
52,22,10.9,4,10,86,16,29.92,0
52,22,10.9,3,10,77,7,29.95,892
52,22,10.9,3,10,69,10,29.97,5981
52,22,10.9,4,10,77,13,29.97,8283
52,22,10.9,4,10,78,17,29.95,6459
52,22,10.9,4,10,80,10,29.93,189
52,22,10.9,3,10,74,0,29.94,0
49,29,22.1,4,10,86,10,29.95,0
49,29,22.1,4,10,77,20,30,0
49,29,22.1,3,10,66,26,30.08,1569
49,29,22.1,2,10,59,29,30.18,20733
49,29,22.1,2,10,54,26,30.21,20678
49,29,22.1,1,10,55,26,30.22,16864
49,29,22.1,1,10,61,26,30.26,390
49,29,22.1,1,10,63,16,30.31,0
49,29,13.5,0,10,65,5,30.34,0
49,29,13.5,0,10,70,5,30.33,0
49,29,13.5,1,10,63,7,30.36,3732
49,29,13.5,0,10,43,18,30.38,27378
49,29,13.5,0,10,43,16,30.35,33387
49,29,13.5,1,10,57,28,30.3,17470
49,29,13.5,1,10,64,16,30.26,426
49,29,13.5,0,10,74,14,30.28,0
52,27,10.7,1,10,77,8,30.27,0
52,27,10.7,0,10,83,0,30.25,0
52,27,10.7,1,10,80,3,30.27,3507
52,27,10.7,0,10,67,6,30.29,25440
52,27,10.7,1,10,60,17,30.23,32254
52,27,10.7,1,10,67,21,30.19,17103
52,27,10.7,2,10,80,22,30.17,445
52,27,10.7,2,10,86,11,30.18,0
55,27,16.1,2,10,90,7,30.17,0
55,27,16.1,1,10,89,3,30.15,0
55,27,16.1,1,10,86,5,30.16,3621
55,27,16.1,2,10,67,11,30.17,24151
55,27,16.1,2,10,60,20,30.13,27094
55,27,16.1,3,10,62,24,30.1,14349
55,27,16.1,2,10,83,31,30.07,350
55,27,16.1,2,10,86,25,30.1,0
57,27,15.7,3,10,90,17,30.08,0
57,27,15.7,2,10,90,10,30.05,0
57,27,15.7,1,10,86,11,30.05,4074
57,27,15.7,1,10,72,7,30.05,26663
57,27,15.7,1,10,60,17,30.02,31714
57,27,15.7,2,10,70,24,29.98,16656
57,27,15.7,2,10,77,22,29.97,573
57,27,15.7,0,9,83,20,29.99,0
62,28,9.9,0,9,86,11,29.98,0
62,28,9.9,0,10,83,13,29.98,0
62,28,9.9,1,10,83,6,30.01,4440
62,28,9.9,1,10,65,0,30.03,25704
62,28,9.9,1,10,41,14,30.01,31885
62,28,9.9,1,10,52,18,29.98,17252
62,28,9.9,1,10,72,13,29.99,404
62,28,9.9,0,10,80,9,30,0
59,28,12.1,0,10,80,3,29.99,0
59,28,12.1,0,10,83,3,29.97,0
59,28,12.1,0,9,83,5,30,4023
59,28,12.1,0,9,78,6,30,25824
59,28,12.1,1,10,55,11,29.94,32377
59,28,12.1,3,10,67,20,29.91,17421
59,28,12.1,2,10,72,21,29.89,514
59,28,12.1,2,10,83,20,29.94,0
54,28,19.6,1,10,86,21,29.92,0
54,28,19.6,4,10,93,23,29.9,0
54,28,19.6,1,10,77,18,29.94,4374
54,28,19.6,1,10,53,9,29.97,27279
54,28,19.6,1,10,46,22,29.97,33390
54,28,19.6,0,10,51,26,29.94,18105
54,28,19.6,0,10,69,23,29.95,516
54,28,19.6,0,10,42,13,30.01,0
57,32,15.4,0,10,42,28,30.01,0
57,32,15.4,0,10,42,24,30.03,0
57,32,15.4,1,10,40,16,30.08,4463
57,32,15.4,1,10,36,13,30.11,27647
57,32,15.4,0,10,24,3,30.08,33045
57,32,15.4,1,10,51,23,30.05,17848
57,32,15.4,1,10,64,18,30.06,519
57,32,15.4,0,10,71,9,30.1,0
57,27,12.6,0,10,77,6,30.11,0
57,27,12.6,0,10,74,5,30.09,0
57,27,12.6,1,9,86,3,30.11,4386
57,27,12.6,1,9,72,3,30.12,25419
57,27,12.6,3,10,45,16,30.07,31423
57,27,12.6,2,10,52,25,30.02,17640
57,27,12.6,2,10,62,31,29.97,716
57,27,12.6,2,10,83,26,30,0
56,27,19.3,2,10,77,26,29.98,0
56,27,19.3,0,10,77,16,29.99,0
56,27,19.3,2,10,77,14,30.01,4488
56,27,19.3,1,10,54,10,30.02,26755
56,27,19.3,0,10,52,25,30,32471
56,27,19.3,0,10,60,26,29.95,17465
56,27,19.3,2,10,80,25,29.93,523
56,27,19.3,2,10,86,20,29.97,0
54,27,25.1,4,10,93,28,29.97,0
54,27,25.1,3,10,86,8,29.94,0
54,27,25.1,2,10,89,17,29.96,4764
54,27,25.1,1,10,75,24,29.98,27354
54,27,25.1,3,10,75,32,29.96,33463
54,27,25.1,2,10,64,38,29.89,18575
54,27,25.1,2,10,74,25,29.91,568
54,27,25.1,2,10,80,28,29.94,0
51,28,18,1,10,83,22,29.94,0
51,28,18,2,10,77,17,29.94,0
51,28,18,1,10,71,13,30,4944
51,28,18,0,10,55,20,30,28147
51,28,18,0,10,51,26,29.98,34212
51,28,18,1,10,51,28,29.94,18643
51,28,18,0,10,69,18,29.95,561
51,28,18,0,10,71,14,30,0
53,28,6,0,10,80,6,30,0
53,28,6,0,10,83,6,30.02,0
53,28,6,0,10,77,0,30.04,5397
53,28,6,0,10,37,3,30.07,27967
53,28,6,1,10,38,0,30.06,33706
53,28,6,2,10,32,17,30.02,18351
53,28,6,1,10,50,16,30.02,604
53,28,6,0,10,50,0,30.05,0
59,23,3.5,0,10,46,0,30.06,0
59,23,3.5,0,10,61,0,30.07,0
59,23,3.5,1,10,71,0,30.09,5001
59,23,3.5,0,10,58,5,30.1,26917
59,23,3.5,0,10,37,5,30.06,32087
59,23,3.5,0,10,17,9,30.02,17213
59,23,3.5,0,10,17,6,30.02,570
59,23,3.5,0,10,39,0,30.04,0
62,29,6.4,0,10,49,0,30.04,0
62,29,6.4,0,10,50,6,30.02,0
62,29,6.4,0,10,59,3,30.03,5180
62,29,6.4,1,10,33,7,30.01,26895
62,29,6.4,3,10,31,3,29.97,29516
62,29,6.4,3,10,36,13,29.94,13463
62,29,6.4,2,10,50,9,29.92,1163
62,29,6.4,1,10,64,10,29.93,0
56,18,9.9,3,10,77,3,29.92,0
56,18,9.9,3,10,64,10,29.88,0
56,18,9.9,3,10,77,6,29.9,680
56,18,9.9,4,9,86,10,29.94,3238
56,18,9.9,4,10,93,3,29.92,11377
56,18,9.9,3,10,60,20,29.92,11529
56,18,9.9,3,10,93,13,29.92,48
56,18,9.9,4,10,80,9,29.95,0
56,21,9.6,4,10,86,10,29.98,0
56,21,9.6,3,10,86,10,29.98,0
56,21,9.6,3,10,83,3,30.02,436
56,21,9.6,3,10,72,11,30.08,8803
56,21,9.6,4,10,67,15,30.09,6347
56,21,9.6,3,10,65,16,30.06,1494
56,21,9.6,2,10,75,15,30.05,644
56,21,9.6,2,10,75,7,30.07,0
53,20,8.8,4,10,77,8,30.05,0
53,20,8.8,4,10,77,5,30.03,0
53,20,8.8,4,10,74,8,30.02,30
53,20,8.8,4,10,77,7,30.01,7047
53,20,8.8,4,10,64,17,29.97,7156
53,20,8.8,4,10,77,11,29.92,2704
53,20,8.8,4,10,77,9,29.89,229
53,20,8.8,4,10,80,8,29.88,0
54,27,15.8,4,10,83,6,29.86,0
54,27,15.8,4,10,86,8,29.83,0
54,27,15.8,4,10,83,13,29.85,1920
54,27,15.8,3,10,67,10,29.89,14825
54,27,15.8,1,10,58,8,29.88,27081
54,27,15.8,2,10,64,29,29.88,15012
54,27,15.8,2,10,71,25,29.89,690
54,27,15.8,2,10,80,16,29.93,0
54,27,18,1,10,83,16,29.95,0
54,27,18,1,10,80,14,29.97,0
54,27,18,2,10,74,8,30.04,6243
54,27,18,2,10,64,18,30.12,28693
54,27,18,2,10,56,17,30.14,33510
54,27,18,3,10,67,23,30.15,18950
54,27,18,3,10,83,16,30.16,738
54,27,18,4,10,90,22,30.21,0
56,27,17.5,4,10,96,17,30.24,0
56,27,17.5,4,10,90,20,30.23,0
56,27,17.5,2,10,86,9,30.26,5715
56,27,17.5,1,10,65,9,30.27,28438
56,27,17.5,2,10,65,18,30.26,33567
56,27,17.5,2,10,70,22,30.22,18995
56,27,17.5,2,10,80,25,30.2,668
56,27,17.5,2,10,83,17,30.21,0
55,27,19.6,2,10,90,13,30.17,0
55,27,19.6,3,10,90,20,30.13,0
55,27,19.6,4,10,93,15,30.13,4859
55,27,19.6,3,10,75,16,30.11,25254
55,27,19.6,3,10,60,21,30.07,29857
55,27,19.6,3,10,53,31,30,17948
55,27,19.6,3,10,69,28,29.96,516
55,27,19.6,2,10,71,17,29.97,0
50,29,26.6,3,10,71,21,29.96,0
50,29,26.6,2,10,61,16,29.96,0
50,29,26.6,1,10,58,16,29.97,6318
50,29,26.6,1,10,47,28,29.95,30856
50,29,26.6,1,10,49,40,29.94,36580
50,29,26.6,2,10,61,39,29.91,7428
50,29,26.6,2,10,68,32,29.92,41
50,29,26.6,0,10,63,16,29.97,0
49,28,20.5,1,10,66,11,30,0
49,28,20.5,0,10,68,5,30.02,0
49,28,20.5,0,10,61,17,30.07,6685
49,28,20.5,1,10,49,21,30.11,30072
49,28,20.5,1,10,51,25,30.1,35251
49,28,20.5,1,10,57,30,30.11,19527
49,28,20.5,1,10,71,28,30.13,793
49,28,20.5,1,10,80,17,30.19,0
52,27,17.2,1,10,83,15,30.22,0
52,27,17.2,2,10,83,17,30.23,0
52,27,17.2,3,10,80,15,30.27,6704
52,27,17.2,1,10,59,3,30.28,28992
52,27,17.2,1,10,57,21,30.27,34751
52,27,17.2,3,10,62,24,30.25,18441
52,27,17.2,2,10,74,29,30.22,731
52,27,17.2,1,10,77,22,30.25,0
57,28,12.1,1,10,80,11,30.24,0
57,28,12.1,1,10,86,0,30.23,0
57,28,12.1,1,10,83,0,30.26,6529
57,28,12.1,3,10,67,6,30.26,27655
57,28,12.1,3,10,42,14,30.21,32802
57,28,12.1,2,10,63,26,30.17,18587
57,28,12.1,2,10,83,13,30.14,751
57,28,12.1,4,10,93,20,30.16,0
59,30,8.3,2,10,96,9,30.13,0
59,30,8.3,1,10,93,3,30.11,0
59,30,8.3,4,1.75,96,6,30.15,6153
59,30,8.3,1,7,83,5,30.14,28194
59,30,8.3,1,10,49,14,30.09,33175
59,30,8.3,1,10,53,11,30.06,18918
59,30,8.3,1,10,75,10,30.05,793
59,30,8.3,0,10,80,7,30.07,0
69,30,3.9,0,10,75,0,30.07,0
69,30,3.9,0,10,74,0,30.06,0
69,30,3.9,0,10,78,0,30.09,6617
69,30,3.9,0,10,75,3,30.11,27440
69,30,3.9,0,10,48,0,30.07,31610
69,30,3.9,0,10,43,5,30.02,17762
69,30,3.9,1,10,40,15,30.01,769
69,30,3.9,0,10,51,5,30.04,0
75,31,5.5,0,10,61,3,30.04,0
75,31,5.5,0,10,87,0,30.02,0
75,31,5.5,1,10,78,3,30.06,6642
75,31,5.5,1,9,73,7,30.05,27058
75,31,5.5,1,10,60,6,30,31440
75,31,5.5,2,10,18,11,29.94,17838
75,31,5.5,2,10,32,15,29.95,822
75,31,5.5,0,10,44,0,29.98,0
74,29,6.7,1,10,70,0,29.95,0
74,29,6.7,2,10,68,3,29.93,0
74,29,6.7,3,10,70,0,29.95,6918
74,29,6.7,3,10,70,5,29.94,26270
74,29,6.7,3,10,52,3,29.9,24932
74,29,6.7,3,10,27,23,29.86,16620
74,29,6.7,3,10,30,16,29.84,1408
74,29,6.7,1,10,35,8,29.87,0
61,29,13.4,0,10,60,0,29.85,0
61,29,13.4,0,10,72,7,29.83,0
61,29,13.4,1,10,67,6,29.86,6772
61,29,13.4,1,10,61,16,29.9,28158
61,29,13.4,1,10,63,20,29.88,33296
61,29,13.4,2,10,68,18,29.83,18819
61,29,13.4,2,10,80,22,29.85,920
61,29,13.4,2,10,83,9,29.9,0
57,26,10.4,3,10,80,10,29.9,0
57,26,10.4,2,10,80,9,29.9,0
57,26,10.4,3,10,77,7,29.94,867
57,26,10.4,3,10,70,5,29.96,1052
57,26,10.4,3,10,54,17,29.95,0
57,26,10.4,3,10,51,20,29.94,0
57,26,10.4,2,10,71,13,29.94,0
57,26,10.4,3,10,69,8,29.96,0
53,27,24.4,4,10,77,11,29.96,0
53,27,24.4,4,10,74,21,29.97,0
53,27,24.4,4,10,71,26,30.01,1336
53,27,24.4,2,10,59,31,30.05,29986
53,27,24.4,1,10,55,32,30.07,35778
53,27,24.4,2,10,57,29,30.05,20064
53,27,24.4,2,10,69,31,30.04,944
53,27,24.4,2,10,77,17,30.07,0
52,26,18,1,10,83,14,30.08,0
52,26,18,2,10,83,5,30.1,0
52,26,18,3,10,77,16,30.14,6356
52,26,18,2,10,64,20,30.17,29565
52,26,18,1,10,57,23,30.16,34976
52,26,18,1,10,64,28,30.15,19557
52,26,18,2,10,74,20,30.13,984
52,26,18,2,10,77,31,30.13,0
55,26,14.8,3,10,80,20,30.11,0
55,26,14.8,3,10,77,14,30.1,0
55,26,14.8,2,10,77,16,30.09,6880
55,26,14.8,1,10,62,3,30.07,28930
55,26,14.8,1,10,52,14,30.04,34173
55,26,14.8,1,10,62,22,30.02,19225
55,26,14.8,1,10,74,21,29.99,948
55,26,14.8,3,10,77,14,30.02,0
52,26,16.8,4,10,77,11,30.02,0
52,26,16.8,4,10,74,10,29.99,0
52,26,16.8,3,10,74,11,30,4611
52,26,16.8,3,10,64,21,29.99,20425
52,26,16.8,3,10,66,23,30.02,35553
52,26,16.8,2,10,57,24,30.01,20055
52,26,16.8,2,10,69,11,30.03,1308
52,26,16.8,3,10,74,16,30.06,0
53,27,14.5,2,10,74,18,30.05,0
53,27,14.5,2,10,74,16,30.09,0
53,27,14.5,1,10,71,14,30.11,7452
53,27,14.5,3,10,57,17,30.14,28333
53,27,14.5,1,10,44,18,30.13,36400
53,27,14.5,1,10,49,23,30.13,18707
53,27,14.5,1,10,66,13,30.14,1047
53,27,14.5,2,10,74,11,30.17,0
54,27,15.2,2,10,83,9,30.17,0
54,27,15.2,2,10,83,17,30.17,0
54,27,15.2,1,10,74,16,30.18,7393
54,27,15.2,1,10,55,17,30.2,28785
54,27,15.2,3,10,46,21,30.18,34289
54,27,15.2,2,10,48,16,30.17,20125
54,27,15.2,2,10,66,14,30.16,1111
54,27,15.2,1,10,77,10,30.17,0
55,27,12,1,10,77,7,30.18,0
55,27,12,1,10,77,10,30.15,0
55,27,12,3,10,74,15,30.18,4162
55,27,12,3,10,55,13,30.19,27741
55,27,12,3,10,44,15,30.15,29768
55,27,12,4,10,50,14,30.07,13827
55,27,12,4,10,64,20,30.1,1109
55,27,12,4,10,53,5,30.09,0
56,17,8.5,4,10,66,8,30.1,0
56,17,8.5,3,10,61,6,30.06,0
56,17,8.5,3,10,59,6,30,3799
56,17,8.5,3,10,60,0,29.98,12336
56,17,8.5,4,10,72,0,29.96,8841
56,17,8.5,4,7,93,13,29.91,1531
56,17,8.5,4,3,90,14,29.92,0
56,17,8.5,4,10,90,17,29.98,0
60,18,11,3,10,87,10,29.97,0
60,18,11,3,10,90,9,29.99,0
60,18,11,4,10,81,5,30.04,2126
60,18,11,4,10,87,8,30.07,5369
60,18,11,4,10,81,20,30.08,11213
60,18,11,4,10,75,18,30.08,6111
60,18,11,4,10,84,13,30.07,111
60,18,11,3,10,84,10,30.09,0
59,23,9.8,4,10,93,10,30.13,0
59,23,9.8,4,10,87,11,30.09,0
59,23,9.8,4,4,93,13,30.1,843
59,23,9.8,4,10,81,15,30.13,5395
59,23,9.8,4,10,75,13,30.14,10351
59,23,9.8,4,10,75,9,30.1,11610
59,23,9.8,3,10,87,6,30.08,1086
59,23,9.8,2,10,96,8,30.11,0
61,20,8.1,3,10,93,7,30.08,0
61,20,8.1,3,10,96,5,30.08,0
61,20,8.1,4,10,90,0,30.08,2094
61,20,8.1,4,8,84,6,30.06,16610
61,20,8.1,4,10,66,13,30.04,16895
61,20,8.1,3,10,73,16,30.03,3131
61,20,8.1,3,9,90,11,30.01,404
61,20,8.1,4,10,93,9,30.01,0
64,23,7.3,4,8,90,8,30.01,0
64,23,7.3,4,7,90,3,30.03,0
64,23,7.3,4,9,90,7,30.06,983
64,23,7.3,4,10,87,0,30.09,10119
64,23,7.3,3,10,68,11,30.08,20567
64,23,7.3,3,10,64,10,30.06,9848
64,23,7.3,3,10,75,6,30.07,2021
64,23,7.3,4,10,90,11,30.12,0
64,28,10.1,3,10,90,10,30.11,0
64,28,10.1,3,10,93,3,30.1,0
64,28,10.1,3,10,90,5,30.14,6188
64,28,10.1,4,10,84,3,30.16,19992
64,28,10.1,3,10,68,11,30.14,17727
64,28,10.1,3,10,71,16,30.12,9661
64,28,10.1,3,10,90,14,30.13,907
64,28,10.1,4,10,90,15,30.17,0
59,27,16.8,4,7,93,17,30.16,0
59,27,16.8,4,5,96,14,30.16,0
59,27,16.8,1,9,90,7,30.17,8421
59,27,16.8,1,10,65,5,30.16,30054
59,27,16.8,1,10,51,22,30.15,34480
59,27,16.8,1,10,52,26,30.09,19576
59,27,16.8,1,10,69,26,30.07,1214
59,27,16.8,0,10,77,17,30.08,0
61,28,15.3,0,10,83,18,30.05,0
61,28,15.3,0,10,86,8,30.02,0
61,28,15.3,0,10,72,0,30.03,8482
61,28,15.3,0,10,54,14,30.03,29577
61,28,15.3,0,10,54,23,30.01,33944
61,28,15.3,1,10,58,25,29.95,19863
61,28,15.3,1,10,69,25,29.93,1151
61,28,15.3,1,10,77,14,29.96,0
58,28,16.8,0,10,83,17,29.95,0
58,28,16.8,0,10,86,8,29.94,0
58,28,16.8,1,8,77,9,29.97,8318
58,28,16.8,1,10,60,15,29.98,29580
58,28,16.8,2,10,58,20,29.97,34329
58,28,16.8,2,9,60,30,29.97,19505
58,28,16.8,3,9,75,24,29.96,1229
58,28,16.8,2,10,80,11,29.98,0
58,28,15.8,1,10,83,7,29.97,0
58,28,15.8,1,10,86,9,29.95,0
58,28,15.8,2,10,75,0,29.97,8263
58,28,15.8,2,10,59,16,29.98,29303
58,28,15.8,2,10,54,21,29.96,33627
58,28,15.8,1,10,58,31,29.94,19748
58,28,15.8,2,10,51,22,29.93,1182
58,28,15.8,1,10,64,10,29.98,0
57,27,23.5,1,10,77,21,29.97,0
57,27,23.5,1,10,80,20,29.96,0
57,27,23.5,2,10,77,14,30.01,7837
57,27,23.5,3,10,65,21,30.01,28418
57,27,23.5,1,10,60,31,30.01,34252
57,27,23.5,1,10,70,36,30,20301
57,27,23.5,3,10,86,28,30,1288
57,27,23.5,2,10,80,29,30.02,0
56,27,19,3,10,83,25,30.04,0
56,27,19,1,10,86,13,30.05,0
56,27,19,2,10,80,14,30.06,8669
56,27,19,1,10,56,15,30.07,29737
56,27,19,2,10,48,23,30.06,34324
56,27,19,2,10,50,30,30.01,20073
56,27,19,2,10,62,25,30.02,1278
56,27,19,0,10,74,20,30.05,0
58,27,16.6,0,10,77,22,30.04,0
58,27,16.6,1,10,74,8,30.02,0
58,27,16.6,3,10,49,0,30.04,8004
58,27,16.6,3,10,50,13,30.06,29472
58,27,16.6,3,10,40,24,30.07,31009
58,27,16.6,3,10,43,28,30.08,19335
58,27,16.6,3,10,48,18,30.06,1258
58,27,16.6,1,10,69,26,30.11,0
60,27,21.5,1,10,80,16,30.07,0
60,27,21.5,2,10,86,16,30.06,0
60,27,21.5,4,4,90,21,30.09,7791
60,27,21.5,2,10,72,16,30.08,28562
60,27,21.5,2,10,65,28,30.07,32864
60,27,21.5,2,10,68,33,30.02,19321
60,27,21.5,4,6,90,28,30,1334
60,27,21.5,3,10,90,14,30.03,0
58,29,12.9,4,10,96,14,30,0
58,29,12.9,4,10,96,6,29.97,0
58,29,12.9,3,10,86,5,29.98,5768
58,29,12.9,1,10,70,14,29.96,29303
58,29,12.9,2,10,65,23,29.93,33434
58,29,12.9,2,10,65,24,29.89,19868
58,29,12.9,1,10,80,18,29.88,1344
58,29,12.9,0,10,77,8,29.89,0
71,30,6.4,0,10,75,3,29.86,0
71,30,6.4,0,10,80,3,29.85,0
71,30,6.4,1,10,73,0,29.88,8425
71,30,6.4,0,10,70,3,29.89,28144
71,30,6.4,0,10,58,3,29.86,31322
71,30,6.4,1,10,31,14,29.85,18939
71,30,6.4,0,10,40,18,29.85,1305
71,30,6.4,0,10,61,0,29.88,0
74,30,9,0,10,67,5,29.88,0
74,30,9,0,10,65,0,29.87,0
74,30,9,0,10,70,0,29.89,8363
74,30,9,0,10,58,3,29.89,27752
74,30,9,1,10,26,15,29.87,32018
74,30,9,1,10,50,22,29.87,19428
74,30,9,2,10,65,18,29.88,1356
74,30,9,1,10,78,11,29.9,0
59,29,15.6,1,10,90,13,29.9,0
59,29,15.6,2,10,90,10,29.87,0
59,29,15.6,3,10,90,15,29.88,2927
59,29,15.6,2,10,72,18,29.9,19620
59,29,15.6,3,10,63,15,29.9,25514
59,29,15.6,2,10,65,17,29.88,14852
59,29,15.6,3,10,83,20,29.91,1378
59,29,15.6,2,10,90,16,29.95,0
59,28,14.4,3,10,90,11,29.94,0
59,28,14.4,2,10,90,5,29.94,0
59,28,14.4,3,10,80,11,29.97,1205
59,28,14.4,2,10,67,15,29.97,24743
59,28,14.4,1,10,63,23,29.95,34177
59,28,14.4,1,10,60,32,29.94,20278
59,28,14.4,1,10,72,9,29.93,1380
59,28,14.4,1,10,77,10,29.95,0
57,27,12.3,1,10,74,8,29.94,0
57,27,12.3,2,10,77,13,29.94,0
57,27,12.3,3,10,74,9,29.97,8628
57,27,12.3,2,10,56,11,29.97,30910
57,27,12.3,2,10,52,16,29.95,35282
57,27,12.3,2,10,56,17,29.92,20973
57,27,12.3,2,10,75,11,29.91,1469
57,27,12.3,1,10,80,8,29.92,0
57,30,10.4,0,10,83,7,29.9,0
57,30,10.4,2,10,86,6,29.9,0
57,30,10.4,1,10,77,0,29.92,8289
57,30,10.4,2,10,70,5,29.93,29847
57,30,10.4,2,10,56,16,29.9,35743
57,30,10.4,2,10,60,18,29.88,21118
57,30,10.4,2,9,83,20,29.89,1514
57,30,10.4,1,10,83,14,29.93,0
59,27,10.2,2,10,86,5,29.91,0
59,27,10.2,3,10,83,0,29.89,0
59,27,10.2,3,10,77,0,29.9,1506
59,27,10.2,1,10,67,7,29.91,19578
59,27,10.2,1,10,54,21,29.89,35635
59,27,10.2,2,10,65,24,29.89,21473
59,27,10.2,4,8,83,14,29.92,1561
59,27,10.2,4,10,86,13,29.94,0
53,24,12.7,4,10,83,9,29.94,0
53,24,12.7,4,10,86,7,29.93,0
53,24,12.7,4,10,83,9,29.96,560
53,24,12.7,4,9,80,11,29.98,5451
53,24,12.7,4,9,69,17,29.97,12583
53,24,12.7,4,8,77,18,29.96,6302
53,24,12.7,4,8,83,11,29.97,524
53,24,12.7,4,10,83,13,30,0
52,25,13,4,10,86,10,29.99,0
52,25,13,4,10,83,14,29.98,0
52,25,13,4,9,86,11,30,567
52,25,13,4,10,83,13,30.03,5246
52,25,13,4,10,77,17,30.02,11356
52,25,13,4,9,77,18,29.99,9909
52,25,13,4,8,83,14,29.99,383
52,25,13,4,9,83,10,30.02,0
56,28,10.6,4,9,86,8,30,0
56,28,10.6,4,9,86,7,29.97,0
56,28,10.6,4,10,80,8,29.98,2232
56,28,10.6,1,10,70,9,29.96,26571
56,28,10.6,1,10,63,20,29.92,34780
56,28,10.6,1,10,62,16,29.89,20874
56,28,10.6,1,10,80,10,29.89,1576
56,28,10.6,2,10,80,5,29.91,0
60,30,10.5,0,10,83,7,29.89,0
60,30,10.5,0,10,80,0,29.88,0
60,30,10.5,1,9,78,3,29.9,8511
60,30,10.5,1,10,59,9,29.91,29040
60,30,10.5,1,10,49,20,29.88,33746
60,30,10.5,2,10,51,18,29.84,19945
60,30,10.5,1,10,70,20,29.84,1499
60,30,10.5,0,10,72,10,29.85,0
60,30,11.4,0,10,83,10,29.84,0
60,30,11.4,1,10,86,9,29.85,0
60,30,11.4,1,10,75,0,29.89,0
60,30,11.4,1,9,68,8,29.89,15867
60,30,11.4,1,9,63,17,29.86,34371
60,30,11.4,1,10,65,22,29.83,20644
60,30,11.4,2,10,80,11,29.85,1526
60,30,11.4,1,10,90,11,29.89,0
61,31,8,1,10,90,8,29.88,0
61,31,8,4,10,90,0,29.87,0
61,31,8,4,9,83,0,29.91,1338
61,31,8,1,9,75,7,29.92,10103
61,31,8,1,10,63,6,29.89,24689
61,31,8,2,10,65,16,29.88,13726
61,31,8,2,9,80,14,29.9,869
61,31,8,2,10,83,10,29.94,0
62,30,7.2,3,10,90,7,29.94,0
62,30,7.2,4,10,90,0,29.95,0
62,30,7.2,1,10,80,0,29.98,1778
62,30,7.2,1,10,70,8,30,19005
62,30,7.2,1,10,61,7,29.97,31390
62,30,7.2,3,10,55,14,29.96,20067
62,30,7.2,3,10,67,9,29.97,457
62,30,7.2,2,10,78,6,30.02,0
61,26,11.2,3,10,78,3,30.02,0
61,26,11.2,4,10,80,6,30,0
61,26,11.2,4,10,80,6,30.02,719
61,26,11.2,4,10,67,7,30.02,10183
61,26,11.2,2,10,59,16,29.98,28028
61,26,11.2,2,10,63,18,29.97,20724
61,26,11.2,2,9,80,14,29.97,2396
61,26,11.2,3,10,83,15,30,0
58,27,11.8,4,10,83,11,29.98,0
58,27,11.8,4,10,90,10,29.98,0
58,27,11.8,4,10,83,7,30,785
58,27,11.8,4,10,80,7,30.01,7998
58,27,11.8,3,10,65,14,29.95,16263
58,27,11.8,3,10,70,18,29.92,20566
58,27,11.8,3,9,80,13,29.93,1894
58,27,11.8,4,10,83,10,29.95,0
59,27,10.9,4,10,83,6,29.93,0
59,27,10.9,4,10,83,9,29.91,0
59,27,10.9,4,9,83,11,29.93,464
59,27,10.9,3,9,70,14,29.93,6125
59,27,10.9,3,10,68,15,29.93,18736
59,27,10.9,3,10,70,13,29.91,13171
59,27,10.9,3,10,83,11,29.92,339
59,27,10.9,4,10,90,7,29.94,0
60,28,12.2,4,10,93,10,29.93,0
60,28,12.2,3,10,93,3,29.92,0
60,28,12.2,3,9,86,11,29.93,1148
60,28,12.2,3,10,72,18,29.95,9344
60,28,12.2,3,10,63,17,29.94,33753
60,28,12.2,3,10,65,20,29.91,17287
60,28,12.2,2,10,72,11,29.91,1693
60,28,12.2,3,10,83,16,29.9,0
61,28,12.9,3,10,86,8,29.89,0
61,28,12.9,3,10,80,7,29.88,0
61,28,12.9,3,10,78,9,29.9,3419
61,28,12.9,3,10,54,14,29.9,24872
61,28,12.9,2,10,56,17,29.91,34140
61,28,12.9,2,10,51,18,29.88,20355
61,28,12.9,3,10,75,20,29.89,1992
61,28,12.9,3,10,80,11,29.93,0
62,27,8.6,4,10,78,8,29.93,0
62,27,8.6,3,10,78,5,29.93,0
62,27,8.6,4,10,72,10,29.98,204
62,27,8.6,3,10,60,6,29.98,17306
62,27,8.6,3,10,56,13,29.96,29287
62,27,8.6,3,10,54,15,29.92,18577
62,27,8.6,3,10,72,13,29.94,1734
62,27,8.6,3,10,81,9,29.94,0
64,26,8,4,10,81,6,29.91,0
64,26,8,4,10,78,6,29.88,0
64,26,8,2,10,72,3,29.9,7123
64,26,8,3,10,67,7,29.94,18124
64,26,8,3,10,51,14,29.95,33393
64,26,8,3,10,55,10,29.94,21052
64,26,8,2,10,72,11,29.95,1731
64,26,8,3,10,78,6,29.96,0
62,28,10.6,2,10,80,0,29.93,0
62,28,10.6,2,10,80,0,29.93,0
62,28,10.6,3,10,78,8,29.95,6887
62,28,10.6,3,10,63,14,29.96,30094
62,28,10.6,2,10,55,14,29.95,35474
62,28,10.6,2,10,59,18,29.94,20959
62,28,10.6,2,10,65,16,29.95,1672
62,28,10.6,2,10,81,9,29.96,0
63,27,16,1,10,78,11,29.94,0
63,27,16,2,10,78,10,29.95,0
63,27,16,2,10,67,16,29.97,2729
63,27,16,2,10,61,17,29.98,29291
63,27,16,1,10,55,21,29.96,34710
63,27,16,2,10,53,24,29.94,21273
63,27,16,1,10,72,16,29.9,1748
63,27,16,1,10,78,14,29.93,0
61,26,14.2,2,10,78,11,29.9,0
61,26,14.2,4,10,75,8,29.88,0
61,26,14.2,4,10,69,15,29.9,2755
61,26,14.2,3,10,62,14,29.92,21473
61,26,14.2,2,10,58,18,29.9,36368
61,26,14.2,3,10,67,18,29.88,22558
61,26,14.2,3,10,70,13,29.87,1922
61,26,14.2,4,10,75,13,29.89,0
62,26,11.2,4,10,78,7,29.88,0
62,26,11.2,4,10,72,11,29.89,0
62,26,11.2,4,10,87,8,29.91,2579
62,26,11.2,4,10,70,13,29.93,11212
62,26,11.2,3,10,65,14,29.93,29746
62,26,11.2,3,10,61,16,29.92,13720
62,26,11.2,4,10,81,9,29.93,317
62,26,11.2,4,10,78,10,29.94,0
62,26,10.5,4,10,81,8,29.94,0
62,26,10.5,4,10,90,7,29.93,0
62,26,10.5,4,10,90,7,29.95,6294
62,26,10.5,4,8,73,14,29.96,11037
62,26,10.5,4,10,63,9,29.97,25956
62,26,10.5,3,10,61,13,29.95,19602
62,26,10.5,4,10,72,14,29.96,1858
62,26,10.5,4,10,75,11,29.99,0
63,26,16.3,4,10,75,14,29.96,0
63,26,16.3,4,10,78,10,29.94,0
63,26,16.3,4,10,81,16,29.96,1755
63,26,16.3,4,9,70,14,29.99,10910
63,26,16.3,2,10,57,25,29.98,33064
63,26,16.3,2,10,57,22,29.95,21537
63,26,16.3,3,10,75,21,29.95,1956
63,26,16.3,2,10,81,15,29.96,0
62,26,14,3,10,81,9,29.95,0
62,26,14,3,10,80,15,29.92,0
62,26,14,4,10,75,10,29.94,4016
62,26,14,4,10,75,14,29.96,17168
62,26,14,3,10,59,20,29.95,29393
62,26,14,4,10,65,14,29.93,17765
62,26,14,3,10,72,14,29.92,1888
62,26,14,4,10,78,8,29.94,0
64,26,10.1,4,10,78,8,29.93,0
64,26,10.1,3,10,84,3,29.92,0
64,26,10.1,4,10,81,8,29.96,3574
64,26,10.1,4,10,65,8,29.98,20529
64,26,10.1,3,10,55,16,29.98,32263
64,26,10.1,2,10,57,15,29.96,21543
64,26,10.1,2,10,70,13,29.97,1894
64,26,10.1,2,10,81,8,29.99,0
64,26,9.6,3,10,81,8,29.97,0
64,26,9.6,4,10,70,6,29.96,0
64,26,9.6,3,10,70,7,29.97,5766
64,26,9.6,3,10,56,11,29.99,27487
64,26,9.6,2,10,47,14,29.98,35153
64,26,9.6,3,10,53,14,29.95,20955
64,26,9.6,2,10,65,11,29.95,2356
64,26,9.6,3,10,75,6,29.96,0
62,27,11.2,3,10,81,7,29.94,0
62,27,11.2,4,10,72,3,29.93,0
62,27,11.2,4,10,70,8,29.95,4724
62,27,11.2,4,10,67,11,29.95,20343
62,27,11.2,3,10,63,15,29.95,20905
62,27,11.2,3,10,63,18,29.94,21711
62,27,11.2,3,10,70,15,29.93,3010
62,27,11.2,4,10,78,13,29.95,0
61,27,15,4,10,81,15,29.92,0
61,27,15,4,10,84,9,29.89,0
61,27,15,4,9,84,14,29.92,1653
61,27,15,4,9,78,8,29.93,17545
61,27,15,3,10,68,20,29.92,28838
61,27,15,3,10,73,20,29.92,16318
61,27,15,4,10,84,20,29.92,2179
61,27,15,4,10,81,13,29.95,0
62,26,14,4,10,81,13,29.93,0
62,26,14,4,10,84,16,29.92,0
62,26,14,4,10,84,11,29.94,940
62,26,14,4,10,81,14,29.96,10068
62,26,14,3,10,70,17,29.95,30530
62,26,14,3,10,70,20,29.91,21210
62,26,14,3,10,81,15,29.88,1986
62,26,14,3,10,84,11,29.88,0
66,29,11,3,10,87,3,29.86,0
66,29,11,2,10,87,0,29.85,0
66,29,11,1,10,78,5,29.87,8499
66,29,11,1,10,73,5,29.86,28574
66,29,11,1,10,54,21,29.84,33454
66,29,11,1,10,63,24,29.81,21182
66,29,11,1,10,72,16,29.79,1931
66,29,11,0,10,78,15,29.8,0
63,27,23.3,0,10,83,8,29.76,0
63,27,23.3,1,10,87,11,29.75,0
63,27,23.3,1,10,75,8,29.77,8805
63,27,23.3,2,10,63,21,29.77,28536
63,27,23.3,3,10,65,33,29.75,26470
63,27,23.3,2,10,65,36,29.73,21306
63,27,23.3,1,10,70,32,29.71,2016
63,27,23.3,1,10,78,30,29.71,0
59,26,18.8,1,10,77,31,29.72,0
59,26,18.8,1,10,86,11,29.71,0
59,26,18.8,2,8,75,6,29.75,7747
59,26,18.8,2,10,65,11,29.76,29088
59,26,18.8,3,10,63,20,29.79,32083
59,26,18.8,2,10,65,29,29.78,20057
59,26,18.8,2,10,72,9,29.77,2016
59,26,18.8,1,10,77,32,29.8,0
61,28,15.4,1,10,80,31,29.82,0
61,28,15.4,1,10,83,16,29.84,0
61,28,15.4,1,10,70,10,29.87,8741
61,28,15.4,1,10,56,5,29.89,29346
61,28,15.4,1,10,52,22,29.9,34592
61,28,15.4,1,10,58,22,29.88,21607
61,28,15.4,1,10,67,20,29.87,1971
61,28,15.4,1,10,77,14,29.88,0
67,29,10.7,0,10,80,7,29.85,0
67,29,10.7,1,10,77,0,29.82,0
67,29,10.7,0,10,72,0,29.84,8824
67,29,10.7,0,10,70,5,29.83,29010
67,29,10.7,0,10,31,17,29.8,33697
67,29,10.7,0,10,42,24,29.77,21260
67,29,10.7,0,10,65,18,29.73,2009
67,29,10.7,0,10,72,13,29.75,0
66,30,11.5,0,10,77,9,29.73,0
66,30,11.5,1,10,77,8,29.71,0
66,30,11.5,0,9,72,6,29.73,8555
66,30,11.5,0,10,65,5,29.73,28488
66,30,11.5,0,10,43,14,29.72,33111
66,30,11.5,1,10,55,22,29.72,20969
66,30,11.5,1,10,70,17,29.73,1990
66,30,11.5,1,10,80,13,29.78,0
63,32,7.9,1,10,86,10,29.78,0
63,32,7.9,1,10,90,7,29.79,0
63,32,7.9,1,10,78,3,29.83,1983
63,32,7.9,1,10,73,6,29.87,25265
63,32,7.9,0,10,68,10,29.88,35033
63,32,7.9,0,10,59,6,29.85,18600
63,32,7.9,1,10,70,8,29.87,1060
63,32,7.9,1,10,83,13,29.91,0
65,26,8.6,1,10,86,7,29.91,0
65,26,8.6,2,10,83,5,29.92,0
65,26,8.6,1,10,72,3,29.94,2539
65,26,8.6,1,10,70,8,29.93,22145
65,26,8.6,1,10,51,5,29.91,33481
65,26,8.6,2,10,51,18,29.91,22023
65,26,8.6,2,10,72,16,29.91,1886
65,26,8.6,1,10,75,9,29.92,0
63,29,9.8,1,10,80,8,29.9,0
63,29,9.8,3,10,83,13,29.91,0
63,29,9.8,4,9,83,3,29.92,0
63,29,9.8,1,10,68,6,29.93,0
63,29,9.8,1,10,61,9,29.91,2668
63,29,9.8,1,10,57,16,29.87,21718
63,29,9.8,2,10,67,13,29.87,2086
63,29,9.8,0,10,80,8,29.9,0
70,30,9.7,0,10,80,9,29.88,0
70,30,9.7,0,10,86,7,29.88,0
70,30,9.7,1,10,75,0,29.91,8376
70,30,9.7,0,9,71,3,29.92,27771
70,30,9.7,0,10,43,10,29.89,32483
70,30,9.7,0,10,34,21,29.86,20505
70,30,9.7,0,10,43,17,29.85,1950
70,30,9.7,0,10,53,8,29.87,0
70,30,11.6,0,10,65,5,29.85,0
70,30,11.6,1,10,72,10,29.84,0
70,30,11.6,0,10,68,0,29.87,8112
70,30,11.6,0,10,56,6,29.87,27692
70,30,11.6,1,10,48,20,29.84,32832
70,30,11.6,1,10,50,23,29.8,20767
70,30,11.6,1,9,70,15,29.78,1996
70,30,11.6,1,10,81,11,29.81,0
62,30,13.3,0,10,84,9,29.8,0
62,30,13.3,1,10,93,14,29.8,0
62,30,13.3,1,9,84,11,29.82,8254
62,30,13.3,1,10,70,15,29.82,29225
62,30,13.3,1,9,61,20,29.8,34434
62,30,13.3,1,8,61,18,29.77,21417
62,30,13.3,1,10,72,14,29.78,2070
62,30,13.3,0,10,78,6,29.82,0
65,32,8.1,0,10,78,6,29.81,0
65,32,8.1,1,10,87,6,29.79,0
65,32,8.1,1,10,75,0,29.81,1645
65,32,8.1,1,10,73,7,29.82,18567
65,32,8.1,1,10,62,8,29.81,34320
65,32,8.1,2,10,59,15,29.77,22350
65,32,8.1,1,10,70,10,29.78,2137
65,32,8.1,2,10,78,8,29.82,0
65,31,8.6,2,10,81,6,29.81,0
65,31,8.6,4,10,75,5,29.82,0
65,31,8.6,4,10,75,3,29.84,1748
65,31,8.6,1,10,70,5,29.84,15670
65,31,8.6,1,10,55,8,29.83,35405
65,31,8.6,1,10,55,15,29.8,21784
65,31,8.6,1,10,75,16,29.81,2106
65,31,8.6,1,10,84,9,29.84,0
64,29,12.3,1,10,87,7,29.85,0
64,29,12.3,4,10,83,8,29.85,0
64,29,12.3,4,10,75,0,29.87,2399
64,29,12.3,1,10,68,10,29.88,22313
64,29,12.3,1,10,57,17,29.87,34373
64,29,12.3,1,10,59,21,29.86,21804
64,29,12.3,1,10,75,18,29.88,1953
64,29,12.3,1,10,81,10,29.93,0
61,29,14.4,2,10,81,7,29.92,0
61,29,14.4,4,10,80,10,29.92,0
61,29,14.4,4,9,81,9,29.94,2670
61,29,14.4,1,10,65,14,29.96,27457
61,29,14.4,1,10,59,20,29.95,34647
61,29,14.4,2,10,63,23,29.94,21996
61,29,14.4,1,10,80,20,29.95,2118
61,29,14.4,2,10,83,15,29.98,0
64,27,11,3,10,86,10,29.98,0
64,27,11,4,10,83,8,29.97,0
64,27,11,3,10,78,0,30,1643
64,27,11,1,10,63,7,30.01,18585
64,27,11,1,10,55,21,29.99,34902
64,27,11,1,10,57,17,29.97,21778
64,27,11,1,10,70,14,29.97,2075
64,27,11,1,10,78,11,29.99,0
61,27,15.1,3,10,78,8,29.98,0
61,27,15.1,4,10,78,8,29.98,0
61,27,15.1,4,10,80,10,30.01,1093
61,27,15.1,2,10,70,17,30.02,10324
61,27,15.1,3,10,72,18,30.03,29059
61,27,15.1,1,10,63,21,30.02,21963
61,27,15.1,3,10,72,22,30.03,2095
61,27,15.1,3,10,75,11,30.05,0
62,27,15.8,4,10,75,11,30.04,0
62,27,15.8,3,10,75,14,30.03,0
62,27,15.8,2,10,70,13,30.04,7462
62,27,15.8,1,10,56,17,30.05,29899
62,27,15.8,0,10,51,22,30.03,35486
62,27,15.8,1,10,56,22,30,22253
62,27,15.8,1,10,72,18,29.97,2065
62,27,15.8,2,10,80,10,29.98,0
62,27,12.9,3,10,78,13,29.95,0
62,27,12.9,4,10,80,9,29.93,0
62,27,12.9,1,10,78,0,29.94,2844
62,27,12.9,1,10,65,18,29.96,21133
62,27,12.9,2,10,65,22,29.97,29027
62,27,12.9,2,10,63,18,29.93,22350
62,27,12.9,1,10,67,13,29.91,2045
62,27,12.9,0,10,72,7,29.93,0
64,28,17.7,0,10,78,6,29.92,0
64,28,17.7,1,10,80,11,29.91,0
64,28,17.7,1,10,72,13,29.95,8087
64,28,17.7,1,10,53,11,29.95,28523
64,28,17.7,0,10,55,24,29.96,33563
64,28,17.7,1,10,53,29,29.91,21125
64,28,17.7,2,10,70,17,29.91,1980
64,28,17.7,1,10,80,22,29.94,0
60,26,14.7,3,10,83,16,29.95,0
60,26,14.7,3,10,90,11,29.96,0
60,26,14.7,3,10,83,8,29.98,6537
60,26,14.7,3,10,75,16,30.01,29343
60,26,14.7,1,10,59,24,29.99,34620
60,26,14.7,1,10,59,17,29.96,21575
60,26,14.7,1,10,72,14,29.97,2026
60,26,14.7,1,10,78,17,29.99,0
61,28,14.6,3,10,83,9,29.98,0
61,28,14.6,1,10,86,9,29.98,0
61,28,14.6,1,10,75,10,29.99,2162
61,28,14.6,2,10,65,15,30.01,27381
61,28,14.6,3,10,65,21,30.01,32108
61,28,14.6,2,10,63,21,29.98,20796
61,28,14.6,2,10,75,20,29.96,1995
61,28,14.6,3,10,87,22,29.99,0
62,28,13.3,4,10,90,18,29.99,0
62,28,13.3,3,10,93,7,29.99,0
62,28,13.3,3,10,83,7,30,1846
62,28,13.3,3,10,68,13,30.02,22926
62,28,13.3,3,10,53,18,30.02,30448
62,28,13.3,4,10,65,23,30.01,14217
62,28,13.3,3,10,81,11,30,1398
62,28,13.3,3,10,83,16,30,0
62,28,16.1,3,10,90,9,30.01,0
62,28,16.1,3,10,93,14,30.02,0
62,28,16.1,3,10,93,11,30.05,6342
62,28,16.1,2,10,65,14,30.07,28764
62,28,16.1,2,10,55,20,30.07,33909
62,28,16.1,2,10,53,28,30.05,21038
62,28,16.1,2,10,67,23,30.04,2011
62,28,16.1,0,10,78,17,30.05,0
70,28,10.6,0,10,83,10,30.02,0
70,28,10.6,1,10,86,6,30,0
70,28,10.6,1,10,70,0,30.03,8059
70,28,10.6,0,10,63,3,30.01,28056
70,28,10.6,0,10,28,13,29.95,32729
70,28,10.6,0,10,34,23,29.91,20746
70,28,10.6,0,10,54,24,29.88,1753
70,28,10.6,0,10,65,9,29.89,0
73,30,10.4,0,10,72,5,29.87,0
73,30,10.4,1,10,72,6,29.85,0
73,30,10.4,1,10,63,0,29.86,7896
73,30,10.4,0,10,64,5,29.86,27500
73,30,10.4,0,10,33,13,29.83,32195
73,30,10.4,0,10,43,22,29.81,20315
73,30,10.4,1,10,68,18,29.82,1952
73,30,10.4,1,10,81,11,29.87,0
62,30,14.7,1,10,87,11,29.86,0
62,30,14.7,1,10,90,9,29.88,0
62,30,14.7,1,10,84,10,29.93,2734
62,30,14.7,1,10,63,14,29.96,20080
62,30,14.7,1,10,59,18,29.96,34591
62,30,14.7,1,10,68,23,29.94,21875
62,30,14.7,1,10,83,18,29.96,2232
62,30,14.7,1,10,93,15,29.99,0
60,30,13,1,10,96,11,29.99,0
60,30,13,1,10,93,10,30,0
60,30,13,1,10,90,8,30.04,1861
60,30,13,1,10,73,13,30.05,26433
60,30,13,1,10,59,16,30.03,33639
60,30,13,1,10,61,18,29.98,21208
60,30,13,1,10,83,20,29.99,1992
60,30,13,1,10,90,14,30.03,0
62,30,13.7,1,10,93,13,30.01,0
62,30,13.7,1,10,93,10,30.01,0
62,30,13.7,1,10,83,6,30.03,5203
62,30,13.7,1,10,68,8,30.02,28196
62,30,13.7,1,10,57,17,29.98,32608
62,30,13.7,2,10,63,21,29.93,20628
62,30,13.7,1,10,78,18,29.95,1829
62,30,13.7,1,10,93,15,29.97,0
64,30,13,1,10,86,9,29.95,0
64,30,13,1,10,90,6,29.93,0
64,30,13,1,10,81,6,29.94,4180
64,30,13,2,10,59,8,29.94,28174
64,30,13,3,10,53,16,29.91,34224
64,30,13,3,10,70,23,29.9,18452
64,30,13,2,10,84,18,29.89,1810
64,30,13,1,10,90,13,29.91,0
64,30,13.1,2,10,90,10,29.9,0
64,30,13.1,2,10,93,11,29.88,0
64,30,13.1,2,10,84,8,29.91,6677
64,30,13.1,1,10,68,7,29.91,27571
64,30,13.1,1,10,51,16,29.88,32484
64,30,13.1,1,10,61,22,29.85,20623
64,30,13.1,1,9,81,16,29.87,1833
64,30,13.1,2,10,83,11,29.94,0
61,28,14.6,1,10,83,11,29.94,0
61,28,14.6,2,10,87,5,29.93,0
61,28,14.6,1,8,87,13,29.96,1553
61,28,14.6,1,10,72,17,30,10820
61,28,14.6,1,10,65,18,30,34718
61,28,14.6,1,10,70,26,29.97,21487
61,28,14.6,2,10,83,15,29.96,1893
61,28,14.6,3,10,90,15,29.99,0
59,27,16.1,4,10,93,15,29.98,0
59,27,16.1,4,10,93,11,29.97,0
59,27,16.1,4,9,90,17,30,692
59,27,16.1,3,10,81,14,30.02,12441
59,27,16.1,3,10,73,23,30.02,32812
59,27,16.1,2,10,72,22,29.98,21404
59,27,16.1,3,10,87,17,29.96,1844
59,27,16.1,3,10,87,17,29.97,0
59,27,13.7,4,10,90,15,29.96,0
59,27,13.7,4,10,90,13,29.96,0
59,27,13.7,4,10,90,8,29.97,987
59,27,13.7,3,10,78,16,29.98,13735
59,27,13.7,3,10,72,17,29.96,34957
59,27,13.7,2,10,70,17,29.92,20826
59,27,13.7,3,10,83,16,29.9,1837
59,27,13.7,4,10,87,9,29.92,0
60,26,13.6,4,10,87,11,29.91,0
60,26,13.6,4,10,90,8,29.9,0
60,26,13.6,3,10,86,8,29.92,1107
60,26,13.6,1,10,67,14,29.92,17409
60,26,13.6,1,10,61,18,29.91,34682
60,26,13.6,2,10,70,20,29.89,21170
60,26,13.6,4,9,83,15,29.9,840
60,26,13.6,4,10,87,14,29.93,0
59,26,13.1,4,10,87,13,29.93,0
59,26,13.1,4,10,86,11,29.93,0
59,26,13.1,4,10,83,9,29.96,1367
59,26,13.1,4,10,78,10,29.97,9148
59,26,13.1,1,10,61,18,29.96,33470
59,26,13.1,1,10,68,22,29.94,19317
59,26,13.1,4,10,81,15,29.95,1149
59,26,13.1,4,10,87,8,29.97,0
60,29,15,4,10,86,9,29.97,0
60,29,15,4,10,86,8,29.98,0
60,29,15,3,10,86,9,29.98,1343
60,29,15,1,10,70,14,29.99,21787
60,29,15,1,10,63,20,29.96,34459
60,29,15,2,10,70,26,29.94,21451
60,29,15,1,9,86,20,29.94,1985
60,29,15,1,10,93,16,29.99,0
63,30,13,3,10,96,15,30,0
63,30,13,4,10,90,6,30,0
63,30,13,4,10,87,0,30.03,1683
63,30,13,1,10,70,6,30.01,27417
63,30,13,1,10,53,13,29.96,33306
63,30,13,2,10,65,24,29.93,21065
63,30,13,2,10,83,22,29.94,1714
63,30,13,1,10,96,15,29.97,0
61,29,14.2,3,10,96,15,29.96,0
61,29,14.2,3,10,96,8,29.96,0
61,29,14.2,4,9,90,8,29.97,620
61,29,14.2,1,10,70,14,29.95,0
61,29,14.2,1,10,59,14,29.9,18889
61,29,14.2,1,10,72,26,29.88,20769
61,29,14.2,1,10,87,20,29.88,1873
61,29,14.2,3,10,90,10,29.91,0
62,27,12.8,4,10,87,11,29.89,0
62,27,12.8,4,10,90,8,29.88,0
62,27,12.8,4,10,90,6,29.9,639
62,27,12.8,3,10,75,13,29.9,7082
62,27,12.8,1,10,68,18,29.86,28694
62,27,12.8,2,10,70,21,29.83,14653
62,27,12.8,3,10,84,15,29.84,828
62,27,12.8,4,10,87,13,29.86,0
65,27,13.6,4,10,84,7,29.85,0
65,27,13.6,4,10,84,8,29.84,0
65,27,13.6,4,10,84,6,29.87,938
65,27,13.6,1,10,68,14,29.88,10750
65,27,13.6,1,10,59,21,29.86,30473
65,27,13.6,1,10,66,22,29.85,13620
65,27,13.6,3,9,81,17,29.86,771
65,27,13.6,4,10,84,13,29.89,0
63,26,11.6,4,10,87,7,29.89,0
63,26,11.6,4,10,84,9,29.89,0
63,26,11.6,4,10,81,8,29.93,1353
63,26,11.6,3,10,70,15,29.96,10411
63,26,11.6,1,10,66,18,29.95,32389
63,26,11.6,3,10,70,17,29.91,19605
63,26,11.6,4,9,84,14,29.93,2225
63,26,11.6,4,10,87,8,29.95,0
62,28,12.8,4,10,87,8,29.94,0
62,28,12.8,4,10,93,7,29.94,0
62,28,12.8,4,10,87,7,29.98,1276
62,28,12.8,3,10,75,13,29.99,11886
62,28,12.8,1,10,61,16,29.97,34021
62,28,12.8,2,10,70,24,29.92,17733
62,28,12.8,2,9,87,13,29.94,734
62,28,12.8,3,10,93,13,29.96,0
63,28,13,4,9,90,13,29.95,0
63,28,13,4,10,90,5,29.94,0
63,28,13,4,10,87,5,29.97,1974
63,28,13,2,10,68,13,29.98,23788
63,28,13,1,10,63,24,29.97,34447
63,28,13,2,10,73,20,29.97,18771
63,28,13,3,9,81,13,29.98,1739
63,28,13,2,10,84,10,30,0
63,27,13.5,4,10,84,13,29.99,0
63,27,13.5,4,10,90,5,29.99,0
63,27,13.5,4,10,87,11,30.02,610
63,27,13.5,3,10,70,14,30.02,7779
63,27,13.5,1,10,63,16,30,30137
63,27,13.5,1,10,65,25,29.97,20887
63,27,13.5,3,10,81,13,29.96,1661
63,27,13.5,4,10,84,16,29.98,0
64,27,11.5,4,10,87,10,29.98,0
64,27,11.5,4,9,90,5,29.99,0
64,27,11.5,4,10,84,6,30.01,1259
64,27,11.5,4,10,70,8,30.02,12757
64,27,11.5,1,10,59,15,30,34325
64,27,11.5,1,10,61,17,29.97,20756
64,27,11.5,1,10,75,14,29.97,1509
64,27,11.5,4,10,87,17,29.99,0
66,27,12,4,10,93,7,30.01,0
66,27,12,4,10,87,3,30.02,0
66,27,12,3,10,81,5,30.05,4745
66,27,12,1,10,66,11,30.06,22158
66,27,12,0,10,52,18,30.03,33187
66,27,12,1,10,55,21,29.99,20199
66,27,12,1,10,73,18,29.97,1452
66,27,12,1,10,84,10,30,0
66,26,14,1,10,81,16,30,0
66,26,14,4,10,90,9,30.01,0
66,26,14,4,10,84,7,30.01,1428
66,26,14,3,10,68,13,30.02,19029
66,26,14,1,10,59,17,30.01,34055
66,26,14,2,10,68,23,29.98,22084
66,26,14,3,10,70,13,29.96,1588
66,26,14,4,10,78,10,29.98,0
66,27,12.9,3,10,78,5,29.96,0
66,27,12.9,4,10,81,10,29.97,0
66,27,12.9,3,10,78,9,30.02,3997
66,27,12.9,3,10,57,11,30.04,19430
66,27,12.9,3,10,59,10,30.06,24803
66,27,12.9,2,10,59,15,30.03,20514
66,27,12.9,2,10,73,20,30.02,1481
66,27,12.9,2,10,81,17,30.04,0
64,27,16.1,3,10,87,11,30.03,0
64,27,16.1,4,10,84,16,30.02,0
64,27,16.1,3,10,81,17,30.05,5248
64,27,16.1,2,10,65,11,30.07,24698
64,27,16.1,2,10,61,23,30.06,33210
64,27,16.1,2,10,63,17,30.03,19423
64,27,16.1,1,10,81,20,30.02,1397
64,27,16.1,1,9,87,18,30.03,0
67,30,9.8,1,9,87,7,30.02,0
67,30,9.8,0,10,84,3,30,0
67,30,9.8,0,8,81,0,30.02,6035
67,30,9.8,1,8,73,5,30.02,26346
67,30,9.8,1,10,50,18,29.98,31908
67,30,9.8,1,10,55,16,29.95,19265
67,30,9.8,2,9,78,18,29.94,1425
67,30,9.8,1,10,84,9,29.96,0
71,29,9.7,0,10,84,5,29.93,0
71,29,9.7,0,10,87,0,29.93,0
71,29,9.7,0,9,75,0,29.94,5801
71,29,9.7,1,9,73,5,29.95,25690
71,29,9.7,1,10,32,20,29.91,31531
71,29,9.7,1,10,47,20,29.88,18938
71,29,9.7,2,10,73,15,29.85,1329
71,29,9.7,0,10,75,9,29.88,0
73,30,10.3,0,10,78,5,29.88,0
73,30,10.3,0,10,84,5,29.88,0
73,30,10.3,0,10,75,0,29.92,6044
73,30,10.3,1,10,66,5,29.94,25211
73,30,10.3,1,10,44,21,29.92,31366
73,30,10.3,2,10,55,20,29.91,17623
73,30,10.3,2,10,78,18,29.91,906
73,30,10.3,1,10,87,10,29.96,0
66,30,9.3,2,10,90,8,29.97,0
66,30,9.3,2,10,90,5,29.98,0
66,30,9.3,1,10,84,0,30.02,744
66,30,9.3,1,10,70,7,30.03,11209
66,30,9.3,3,10,61,21,30.02,27606
66,30,9.3,1,10,70,18,30,17905
66,30,9.3,3,10,87,13,30,1346
66,30,9.3,2,10,90,8,30.01,0
71,29,12.5,2,10,90,5,30,0
71,29,12.5,2,10,93,7,29.99,0
71,29,12.5,3,10,90,0,30,6343
71,29,12.5,1,10,73,3,30.01,27323
71,29,12.5,1,10,42,22,29.98,32295
71,29,12.5,1,10,50,31,29.94,19187
71,29,12.5,3,10,53,14,29.93,1318
71,29,12.5,1,10,73,10,29.96,0
67,28,21.2,2,10,78,14,29.95,0
67,28,21.2,2,10,90,15,29.94,0
67,28,21.2,1,10,81,16,29.97,6406
67,28,21.2,1,10,63,17,29.98,27136
67,28,21.2,1,10,48,28,29.97,32235
67,28,21.2,1,10,48,26,29.93,19164
67,28,21.2,0,10,61,28,29.91,1110
67,28,21.2,2,10,72,20,29.94,0
63,26,19.3,2,10,72,18,29.96,0
63,26,19.3,2,10,72,24,29.95,0
63,26,19.3,1,10,72,17,29.97,6524
63,26,19.3,1,10,63,26,29.99,27737
63,26,19.3,1,10,63,21,29.99,33293
63,26,19.3,1,10,65,23,29.96,19411
63,26,19.3,2,10,75,15,29.94,1158
63,26,19.3,1,10,81,10,29.94,0
67,30,8.5,0,10,83,3,29.94,0
67,30,8.5,1,10,83,3,29.93,0
67,30,8.5,0,10,78,0,29.96,5826
67,30,8.5,0,9,70,5,29.96,26714
67,30,8.5,0,10,40,15,29.93,32413
67,30,8.5,0,10,53,21,29.91,18854
67,30,8.5,1,10,72,9,29.89,1091
67,30,8.5,1,10,81,13,29.92,0
65,30,11.1,1,10,83,7,29.9,0
65,30,11.1,1,10,83,6,29.9,0
65,30,11.1,1,10,78,0,29.93,5831
65,30,11.1,2,10,61,6,29.93,26277
65,30,11.1,1,10,53,14,29.9,31397
65,30,11.1,1,10,51,22,29.85,18705
65,30,11.1,1,9,78,18,29.85,1055
65,30,11.1,1,10,83,16,29.89,0
62,29,14.2,1,10,83,10,29.87,0
62,29,14.2,1,10,87,7,29.87,0
62,29,14.2,1,9,84,8,29.92,1379
62,29,14.2,1,10,65,10,29.92,24772
62,29,14.2,1,10,65,23,29.9,33053
62,29,14.2,1,10,73,25,29.86,19120
62,29,14.2,3,10,87,18,29.86,1132
62,29,14.2,3,10,87,13,29.88,0
62,29,11.5,3,10,87,6,29.87,0
62,29,11.5,4,10,83,5,29.86,0
62,29,11.5,4,9,84,7,29.87,806
62,29,11.5,1,9,73,13,29.88,20290
62,29,11.5,1,10,63,18,29.85,31772
62,29,11.5,1,10,68,21,29.81,18020
62,29,11.5,1,10,87,18,29.81,499
62,29,11.5,1,10,90,10,29.84,0
65,30,8.6,4,10,93,10,29.82,0
65,30,8.6,4,10,87,6,29.82,0
65,30,8.6,4,10,84,0,29.85,0
65,30,8.6,2,9,73,5,29.87,8584
65,30,8.6,1,9,66,6,29.85,18238
65,30,8.6,1,10,63,17,29.82,11166
65,30,8.6,1,10,81,15,29.84,863
65,30,8.6,1,10,78,6,29.87,0
64,28,12.3,2,10,84,0,29.86,0
64,28,12.3,3,10,84,6,29.88,0
64,28,12.3,3,10,81,7,29.91,759
64,28,12.3,1,10,66,10,29.92,8690
64,28,12.3,1,10,55,16,29.92,25632
64,28,12.3,1,10,65,21,29.9,18709
64,28,12.3,2,10,84,20,29.91,1306
64,28,12.3,4,10,90,14,29.94,0
68,29,9.2,4,10,87,6,29.93,0
68,29,9.2,4,10,90,0,29.91,0
68,29,9.2,4,9,87,3,29.92,1211
68,29,9.2,1,10,75,3,29.92,22969
68,29,9.2,1,10,68,6,29.87,31163
68,29,9.2,2,10,55,18,29.81,18040
68,29,9.2,2,10,70,15,29.82,886
68,29,9.2,0,10,78,10,29.86,0
63,29,14.7,1,10,81,11,29.84,0
63,29,14.7,1,10,84,8,29.83,0
63,29,14.7,2,9,84,7,29.88,1709
63,29,14.7,2,10,73,17,29.89,17165
63,29,14.7,2,10,63,21,29.86,32668
63,29,14.7,3,10,68,17,29.86,17506
63,29,14.7,3,10,78,22,29.88,467
63,29,14.7,3,10,81,14,29.89,0
62,28,11.6,3,10,81,6,29.87,0
62,28,11.6,2,10,87,3,29.87,0
62,28,11.6,2,10,87,6,29.91,879
62,28,11.6,2,10,63,10,29.94,14255
62,28,11.6,2,10,57,24,29.92,34720
62,28,11.6,2,10,65,29,29.91,18413
62,28,11.6,3,10,83,11,29.91,1261
62,28,11.6,3,10,80,8,29.92,0
61,27,8.1,2,10,80,8,29.91,0
61,27,8.1,1,10,83,3,29.91,0
61,27,8.1,1,9,80,0,29.94,855
61,27,8.1,1,10,68,3,29.96,22613
61,27,8.1,1,10,59,18,29.95,32841
61,27,8.1,1,10,63,14,29.95,18560
61,27,8.1,1,10,75,14,29.94,858
61,27,8.1,1,10,86,9,29.97,0
63,29,9.8,1,10,83,3,29.97,0
63,29,9.8,4,10,83,5,29.96,0
63,29,9.8,2,9,87,7,29.99,1390
63,29,9.8,1,10,70,6,29.99,25263
63,29,9.8,1,10,66,6,29.96,32513
63,29,9.8,1,10,63,21,29.92,18417
63,29,9.8,1,10,78,16,29.93,802
63,29,9.8,1,10,90,15,29.97,0
62,30,12.1,1,10,93,8,29.99,0
62,30,12.1,4,10,90,5,29.99,0
62,30,12.1,4,9,87,5,30.02,1245
62,30,12.1,1,10,70,13,30.03,23711
62,30,12.1,1,10,61,15,30,31463
62,30,12.1,1,10,70,23,29.98,18322
62,30,12.1,2,10,90,13,29.99,747
62,30,12.1,1,10,93,15,30.04,0
71,29,9.8,2,10,93,10,30.05,0
71,29,9.8,3,10,96,6,30.04,0
71,29,9.8,4,0.25,100,5,30.06,5372
71,29,9.8,1,10,78,3,30.05,26175
71,29,9.8,0,10,42,13,30,31028
71,29,9.8,3,10,47,18,29.95,17989
71,29,9.8,3,10,47,22,29.95,1090
71,29,9.8,3,10,61,9,29.98,0
78,29,6.6,3,10,72,6,29.97,0
78,29,6.6,3,10,52,0,29.94,0
78,29,6.6,3,10,71,0,29.97,4957
78,29,6.6,3,10,66,3,29.97,23873
78,29,6.6,3,10,36,5,29.94,22231
78,29,6.6,4,10,19,20,29.91,9224
78,29,6.6,4,10,32,13,29.9,271
78,29,6.6,1,10,45,6,29.92,0
74,29,12.4,1,10,46,5,29.9,0
74,29,12.4,1,10,57,3,29.89,0
74,29,12.4,1,10,66,0,29.91,0
74,29,12.4,1,10,74,0,29.9,7263
74,29,12.4,1,10,40,24,29.86,29731
74,29,12.4,1,10,43,30,29.82,16587
74,29,12.4,1,10,70,21,29.81,586
74,29,12.4,1,10,81,14,29.84,0
61,27,15.8,1,10,90,18,29.83,0
61,27,15.8,1,10,90,13,29.84,0
61,27,15.8,2,10,90,8,29.86,884
61,27,15.8,2,10,75,14,29.88,15348
61,27,15.8,2,10,68,23,29.86,32524
61,27,15.8,2,10,73,20,29.83,17294
61,27,15.8,3,10,84,17,29.85,895
61,27,15.8,4,10,90,13,29.87,0
63,27,13.9,4,10,93,11,29.86,0
63,27,13.9,4,10,90,11,29.86,0
63,27,13.9,4,10,87,9,29.9,464
63,27,13.9,4,10,75,10,29.93,6995
63,27,13.9,1,10,66,15,29.91,29490
63,27,13.9,2,10,68,21,29.88,17257
63,27,13.9,2,10,81,17,29.87,677
63,27,13.9,1,10,81,11,29.9,0
